product_id,product_type,sentiment,sentiment_ratio,summary
5001235,한우 곰탕,negative,20,"이 제품은 비린내가 심하고 양도 적고 가격도 비싸다는 불만이 많으며, 포장 문제로 일부 제품이 손상되기도 하는 문제가 있습니다."
5001235,한우 곰탕,positive,73,"이 제품은 가격 대비 가성비가 좋고, 맛도 좋습니다. 특히 한우로 만든 곰탕은 부드럽고 맛있으며, 가족 모두에게 적합한 양이 푸짐합니다."
5001235,한우 설렁탕,negative,60,"고객님은 이 제품에 대해 불만을 제기했습니다. 주요 불만 사항은 다음과 같습니다.

1.  가격에 비해 품질이 좋지 않습니다.
2.  한우로 구입했음에도 불구하고, 가격이 2배 이상 차이 나는 것에 대한 불만입니다.
3.  판매자는 전량을 수거하여 폐기해야 한다고 생각하며, 5년 이상 사용한 후에도 노란 기름이 뒤덮인 제품을 판매하는 것에 대한 불만입니다.
4.  국물이 노래서 불만입니다.
5.  맛이 느끼하여 일반 고기 설렁탕과 비교해 보려는 것에 대한 불만입니다."
5001235,한우 설렁탕,positive,40,"이 제품은 어머니를 위한 맛있는 식사로 좋은 선택입니다. 

품목은 뽀얀 국물과 담백한 고기가 특징이며, 치아 약하고 연로한 어머니에게 적합합니다."
5001235,한우 양곰탕,negative,36,"소비자는 컬리 배송 시정에 문제가 있다고 지적하고 있습니다. 배송 시간이 새벽이라고 표기되어 있지만 실제로 배송된 시간이 맞지 않는다는 점을 지적하고 있습니다. 또한, 냉동식품이 녹아 있고 냉장 식품의 신선도가 떨어지는 문제가 있다고 말하고 있습니다. 소비자는 이러한 문제를 해결하기 위해 배송 시정에 문제가 있는 경우 새벽 배송 타이틀을 삭제하거나 배송 시간을 지키는 것을 요구하고 있습니다."
5001235,한우 양곰탕,positive,56,"이 제품은 가격 대비 만족스럽고 편리하며, 토핑이 풍부하고 다양한 재료를 넣을 수 있어 좋습니다."
5005071,돼지고기 김치찌개,negative,10,"이 제품은 맛이 강하고, 특히 김치찌개는 매운 맛이 강하다는 평이 많습니다. 많은 사람들이 다른 브랜드의 김치찌개는 먹었지만 이 제품은 자극적이어서 다시 사지 않으려는 의견이 있습니다."
5005071,돼지고기 김치찌개,positive,82,"이 제품은 한 끼 식사 국으로 든든하고 맛있으며, 양이 푸짐하고 가성비도 좋습니다."
5011633,어린이 한우 사골 곰국,negative,14,"이 제품은 가격 대비 비싼 편이며, 냉동 후 맛이 떨어지고 양이 줄어든다는 의견이 많습니다. 한우 사골 추출물과 파우치 크기가 줄어든다는 문제점도 있습니다. 또한, 다른 제품의 위생 문제로 신경을 써야 한다는 의견이 있습니다."
5011633,어린이 한우 사골 곰국,positive,82,"이 제품은 아이가 좋아하는 국으로 일주일에 두 번씩 먹이고 있습니다. 소분되어 있어 한 번 혹은 두 번 먹을 양이 딱 맞으며, 어른처럼 소면 좋아하는 아이는 삶아서 넣어 먹으면 곰국 국수처럼 맛납니다. 또한, 깔끔한 패키지와 소포장으로 보관도 좋으며, 냉동실에 항상 쟁여두면 마음이 편하다는 장점이 있습니다."
5012851,콩나물김칫국,negative,16,"이 제품은 맛은 괜찮지만 향이 좋지 않으며, 김치가 많고 콩나물이 적고 국물이 줄어드는 문제가 있으며, 고객 응대도 만족스럽지 않습니다."
5012851,콩나물김칫국,positive,82,"이 제품은 맛이 시원하고 편리하며, 가족 모두에게 적합합니다."
5012950,가족을 위한 사골곰탕,negative,6,"이 제품은 맛이 별로며, 밍밍하고 진한 맛을 싫어하는 고객들이 많습니다. 양도 적다는 불만이 있습니다."
5012950,가족을 위한 사골곰탕,positive,90,"이 제품은 가격 대비 가성비가 좋고, 다양한 국물 요리에 사용할 수 있어 편리합니다."
5013198,한우 도가니탕,negative,18,이 제품은 가격이 비싼 편이고 기름이 많아 느끼한 맛이 있다는 의견이 많아요. 일부러 내용물이 들어 있는 제품을 구입한 고객분들이 있어요. 도가니보다 부속물이 많고 기름이 심한 제품을 받은 고객분들이 있어요. 일부러 뜯어 놓은 제품을 받은 고객분도 있어요. 기름이 많아 지방을 먹지 않는 고객분들이 있어요. 누린내가 심한 제품을 받은 고객분들이 있어요. 제품의 맛이 갑자기 묽어졌다는 의견도 있어요.
5013198,한우 도가니탕,positive,74,"이 제품은 가격 대비 가성비가 좋고, 도가니가 풍부해서 맛있다는 평이 많아요. 편리하고 양도 푸짐해서 가족 모두에게 적합합니다. 도가니탕 중에서 국물이 진하고 맛있다는 의견이 많아요."
5025668,아욱된장국,negative,14,이 제품은 맛이 좋지만 양이 적고 위생 관리가 부족해 머리카락이 발견됩니다.
5025668,아욱된장국,positive,86,"이 제품은 맛이 좋아서 많은 고객들이 자주 구매합니다. 양과 맛이 만족스럽고, 건더기와 짠맛이 적당하여 좋고, 간이 적절하며 냉장이 마음에 드는 제품입니다."
5026468,갈비탕,negative,52,이 제품은 기대에 못 미치는 맛과 양으로 인해 불만족스러운 의견이 많습니다. 제품의 사진과 실제 맛이 달라 뼈 조각이 많아 식이 불편하고 양이 적다는 의견이 많습니다.
5026468,갈비탕,positive,46,"이 제품은 가격이 합리적이고 맛이 좋으며, 집에서 간편하게 끓일 수 있어 가족 모두에게 적합한 제품입니다. 다만, 유통기한이 짧다는 단점이 있습니다."
5026469,꼬리곰탕,negative,46,"고기 질기다는 가장 큰 불만으로, 일부 고객은 질겨서 버렸다고 하며 국물만 먹는 경우도 있다고 하며, 사미헌에서 구입했을 때 맛이 달랐다고 하며 국물 맛도 덜 고소하다고 하네요."
5026469,꼬리곰탕,positive,52,이 제품은 맛있고 양도 풍부해서 많은 사람들이 재구매 의사 있어요. 고기는 부드럽고 국물은 담백해서 좋아요. 가격이 비싸다는 의견도 있지만 맛과 양이 좋다고 많이들 말해요.
5027026,우삼겹 강된장,negative,12,"이 리뷰는 제품에 대한 여러 가지 불만을 제시하고 있습니다. 우삼겹이 보이지 않아 불만족스럽고, 제품이 잘못되어 왔으며, 비계 부분이 불명확하고, 맛이 좋지 않아 찝찝합니다. 또한 제품이 터져서 왔고, 다른 제품에 대한 일거리가 생겼으며, 포장 배송에 신경을 쓰지 않으면서 오는 제품이 많습니다. 제품이 짜서 불만족스럽습니다."
5027026,우삼겹 강된장,positive,88,"이 제품은 가격대에 비해 맛이 좋고, 토핑이 풍부해서 맛있다는 평이 많아요. 집에서 간편하게 끓여 먹을 수 있어서 편리하고 양도 푸짐해서 가족 모두에게 적합해요."
5029746,착한들 한우 진한사골곰탕,negative,8,"냉동식품을 주문했는데, 배송 시 박스가 젖었고 국물의 색이 이상한 것 같습니다."
5029746,착한들 한우 진한사골곰탕,positive,90,"이 제품은 가격대에 비해 만족스럽습니다. 토핑이 풍부하고 맛있으며, 집에서 간편하게 끓일 수 있어 편리합니다. 또한 양이 푸짐하여 가족 모두에게 적합합니다. 단, 유통기한이 짧아 버리는 경우가 있다는 점을 고려해야 합니다."
5030630,소고기 버섯 전골,negative,24,"고객님은 불만 사항과 문제점을 제기했습니다.

1.  포장 용기 뚜껑이 부서질 수 있어 내용물이 파편으로 들어가게 됩니다.
2.  고기는 질겨서 맛이 떨어집니다.
3.  양이 줄어들어 만족스럽지 않습니다.
4.  가격이 비싼 것 같습니다.

고객님은 새우와 미나리 버섯을 추가하고 컬리에서 파는 멸치 육수로 부족한 육수를 채워주면 맛이 개운하고 시원한 전골이 된다고 언급했습니다."
5030630,소고기 버섯 전골,positive,72,"이 제품은 편리하고 맛있는 전골로, 야채도 신선하고 국물도 담백합니다. 간편하고 양도 푸짐하여 가족 모두에게 적합합니다."
5030966,시금치된장국,negative,8,"이 제품은 아이들이 못 먹는 매콤한 맛이 있다는 불만과 시금치 비싸다는 불편한 점, 다른 한 끼 음식과 비슷한 맛이라는 의견이 있습니다."
5030966,시금치된장국,positive,86,"이 제품은 시원하고 칼칼한 맛으로 인기가 많으며, 시금치 양이 많고 맛있으며 두부를 넣으면 더 맛있게 먹을 수 있습니다. 간이 쎈 편이라 물을 더 넣어야 하며, 아이도 먹을 수 있는 맛이 좋습니다."
5030967,김치콩나물국,negative,14,"이 제품은 맛이 부실하고 국물이 탁한 문제가 있으며, 냉장 제품은 콩나물이 질겨서 맛이 떨어집니다."
5030967,김치콩나물국,positive,84,"이 제품은 가격대 비 만족스럽게 느껴지는 편리한 제품입니다. 가족 모두가 즐길 수 있는 양이 푸짐하고, 맛은 적당히 매콤하면서 시원한 김치 맛이 좋습니다."
5031054,토종 순대국,negative,18,"이 제품은 가격이 저렴한 편이지만 냄새가 나서 불편하고 맛이 떨어진다는 문제가 있습니다. 또한, 냉동 후에도 먹을 수 있는지 알려주지 않고 배송 시간도 알려주지 않는다는 불만이 있습니다."
5031054,토종 순대국,positive,78,"이 제품은 양과 맛이 좋으며, 국물이 깔끔하고 머릿고기가 푸짐하게 들어가 있습니다. 또한, 개별 포장되어 위생적이고 한 끼 먹으면 든든하며, 냄새가 없고 소화하기 좋습니다."
5031266,배추된장국,negative,4,"이 제품의 맛과 양이 떨어지는 문제가 있으며, 포장지가 바뀐 것에 대한 의심이 있지만 원인은 확실하지 않습니다."
5031266,배추된장국,positive,86,"이 국은 맛있고 편리합니다. 냉장 보관으로 신선하고 맛이 좋으며, 간이 적당합니다. 배추가 들어 있어 시원하고 맛있으며, 두부를 넣으면 건강하게 먹을 수 있습니다. 매콤한 맛을 원한다면 청양고추를 넣어 먹을 수 있습니다. 제품의 양이 넉넉하여 두세 번 먹을 수 있으며, 가족 모두에게 적합합니다."
5031816,한우사골 곰탕,negative,16,"제품의 맛과 질이 떨어지고, 양이 줄어들어 유통기한이 짧아 버리는 경우가 있었고, 냉동 보관 방법으로 물렁물렁이 녹아서 오는 경우가 있었으며, 배송 방법으로 인해 제품이 찝찝하게 왔습니다."
5031816,한우사골 곰탕,positive,82,"이 제품은 맛이 진하지도 묽지도 않고 냄새도 심하지 않아 좋고, 간이 없는 한우 육수와 함께 먹으면 더 맛있으며 국물이 뜨끈하고 간편하게 먹을 수 있어 편리합니다."
5031817,한우사골 고기곰탕,negative,4,이 제품은 국물이 맛이 좋지만 고기 부분이 부족하다는 의견이 있어요.
5031817,한우사골 고기곰탕,positive,94,"이 제품은 한 끼 식사 국으로 적합하며, 냉동실 비상식량으로도 좋습니다. 특히, 떡국이나 만둣 국 끓일 때 베이스로 사용하면 깊은 맛을 느낄 수 있습니다."
5034022,참치김치찌개,negative,20,"이 제품은 불만족한 고객의 의견이 많습니다. 불만족한 이유로는 김치 건더기가 많고 두부나 참치가 적게 들어가고, 육수도 적어 물이나 육수를 더 넣어야 끓여 먹을 수 있습니다. 또한 김치 건더기가 짜고 칼칼하며 설탕이 많이 들어가서 너무 달아 불량한 포장 상태로 국물이 나고 기름기가 묻어 미끄럽습니다."
5034022,참치김치찌개,positive,74,"이 제품은 가격대에 비해 가성비가 좋고 맛있으며, 가족 모두에게 적합한 편리한 제품입니다."
5034225,명월관 갈비탕,negative,62,이 제품은 기대에 못 미치는 것으로 보입니다. 비계가 많고 기름이 많이 붙으며 양이 적고 맛이 떨어져서 실망스럽습니다. 가격이 기대에 못 미치는 것으로 보이니 판매하는 방법이 조금 이상하다고 생각합니다.
5034225,명월관 갈비탕,positive,36,"이 제품은 가격에 비해 좋은 가치가 있고, 토핑이 풍부하여 맛이 좋으며, 집에서 쉽게 끓여 먹을 수 있어 편리하고 가족 모두에게 적합합니다. 하지만 유통기한이 짧아 버리는 경우가 있다는 의견이 있습니다."
5035810,어린이 한우 나주 곰국,negative,12,"이 제품은 불만족스러운 경험이 있었으며, 곰국보다 나주 곰국이 더 맛있을 것 같았지만 아이가 먹지 않는 경험이 있었습니다."
5035810,어린이 한우 나주 곰국,positive,88,"이 제품은 가격대에 비해 맛과 양이 만족스럽고, 다양한 요리하기 좋으며 신선한 재료로 만들어져 믿을 수 있습니다."
5035901,돼지 김치찌개,negative,29,"이 제품은 가성비가 좋고 맛있지만, 가끔씩 품질이 떨어지는 경우가 있으며, 내용물에 김치가 없거나 고기가 적은 경우가 있고, 건더기도 없다는 문제가 있습니다."
5035901,돼지 김치찌개,positive,62,"오모가리 돼지 김치찌개의 장점은 다음과 같습니다.

가성비가 좋은 편리한 냉동식품으로 조리도 간단합니다. 고객들은 이 제품을 좋아해서 자주 구매하고 있습니다. 또한, 양이 적당하고 맛이 좋으며 국물이 시원하다는 의견이 많습니다. 오모가리 김치찌개의 맛이 시판 김치찌개 중 제일 맛있다고 말하고 있습니다."
5035901,참치 김치찌개,negative,8,"이 제품은 양이 적고, 맛이 별로인 반응이 많아요. 편의점 미니 핫반이랑 비교했을 때 양도 적고, 맛도 일반적인 김치찌개 맛이라고 말이에요."
5035901,참치 김치찌개,positive,85,"이 제품은 편리하고 맛있는 제품입니다. 두부를 넣으면 더 맛있게 먹을 수 있고, 비상용으로도 사용할 수 있습니다."
5035913,뼈없는 인삼 갈비탕,negative,14,고객님은 인삼을 구매한 후 고기가 질겨서 만족하지 못했습니다. 특히 고기가 씹다 뱉어내는 정도가 심했고 냄새도 나서 불편했습니다.
5035913,뼈없는 인삼 갈비탕,positive,84,"이 제품은 가격이 저렴하고 맛도 좋고 편리해서 가족 모두가 좋아합니다. 다만, 유통기한이 짧다는 단점이 있습니다."
5036885,미역오이 냉국,negative,26,이 제품은 유통기한이 짧고 맛이 너무 달거나 짜다는 불만이 많으며 오이의 양이 부족한 것에 대한 불만이 있습니다. 그러나 간이 쎄다는 의견이 있지만 간장을 사용하여 맛을 개선할 수 있다는 팁이 있습니다.
5036885,미역오이 냉국,positive,72,"이 제품은 여름철 냉국으로 적합한 제품으로, 시원하고 새콤한 맛이 좋으며 가족 모두가 즐겨 먹는 제품입니다."
5036959,곰탕,negative,36,"이 제품은 기름기와 느끼한 맛, 냉동 후 용기 부서짐 등으로 인해 불만족스러운 점이 많습니다."
5036959,곰탕,positive,62,"이 제품은 가격 대비 가성비가 좋고, 맛도 좋으며 편리합니다."
5037563,소고기 들깨 미역국,negative,12,"이 제품은 기대와 다르게 맛이 떨어집니다. 또한, 쿠폰의 유통기한이 짧고, 쿠폰을 사용할 때마다 제품의 질이 떨어집니다."
5037563,소고기 들깨 미역국,positive,84,"이 제품은 가격대비 가성비가 좋으며 맛있다는 평이 많습니다. 집에서 간편하게 끓여 먹을 수 있고, 양이 풍부하여 가족 모두에게 적합합니다."
5037566,차돌박이 된장찌개,negative,14,이 제품은 만족스럽지 않은 경험을 하신 고객님들의 리뷰가 많아요. 내용물이 부실하고 맛이 느끼하고 들큰하다는 의견이 많아요. 조미료의 맛이 강해 달콤한 맛이 부족하다는 의견이 있고 양도 적절하지 않습니다.
5037566,차돌박이 된장찌개,positive,82,"이 제품은 맛있는 국을 제공하고, 고객들이 만족스럽게 평가하고 있습니다."
5037568,진한 육개장,negative,6,"이 제품은 만족스럽지 않으며, 양도 적고 맛도 별로인 것으로 보입니다. 가격이 저렴해 보였지만 실제로는 그렇지 않았고, 다시 사는 의사는 없을 것 같다는 의견이 있습니다."
5037568,진한 육개장,positive,90,"이 제품은 맛이 진하고 건더기가 풍부한 육개장으로, 매우 만족스러운 제품입니다. 건더기가 많고 맛이 좋으며, 냉장으로 냉동 후에도 식감이 좋습니다. 또한, 간단한 조리 방법으로 편리하고 양도 충분하여 가족 모두에게 적합합니다."
5042163,바르게 만든 한우 미역국 (아이용),negative,14,"이 제품은 비싼 가격에 비해 만족스럽지 않으며, 냄새가 심하고 미역이 너무 작게 잘려 있어 거부감을 유발한다."
5042163,바르게 만든 한우 미역국 (아이용),positive,80,이 제품은 아이가 좋아하는 이유가 많습니다. 가장 큰 장점은 맛있고 간편하며 아이가 잘 먹는다는 점입니다.
5042765,차돌 된장찌개,negative,26,"이 제품은 가격이 비싼 편이고 맛도 별로며, 플라스틱 맛이 나서 가족들이 먹지 못하고 식감도 이상하고 고기는 질겨서 먹기가 힘들며 내용물도 부실합니다."
5042765,차돌 된장찌개,positive,68,"이 제품은 맛과 양이 많아 만족스럽고, 집에서 간편하게 먹을 수 있어 편리합니다."
5043112,황태곰탕,negative,18,"이 제품은 맛이 별로며, 건더기가 부족하고 국물이 묽다고 비난하는 의견이 많으며 기대와 달라 불만족스럽습니다."
5043112,황태곰탕,positive,74,이 제품은 맛있고 편리한 제품입니다. 냉동 상태로 냉동실에 넣어두면 편리하고 양도 충분히 있습니다. 신선한 재료로 만들어져 있어 매번 구매하는 제품입니다.
5044518,추어탕,negative,18,이 제품은 냄새가 강하고 맛이 씁쓸한 점에 대해 고객분들이 불만을 느끼고 있습니다. 특히 우거지나 무청의 건더기가 강한 맛을 내서 일부 고객분들이 못 먹고 있습니다.
5044518,추어탕,positive,72,이 추어탕은 맛있고 양도 적당한 편입니다. 추어 함량이 많으며 국물도 맛있어요.
5044657,온달 육개장,negative,16,이 제품은 맛이 부실하고 건더기가 적으며 후추가 너무 강하다는 불만이 많습니다.
5044657,온달 육개장,positive,78,"이 제품은 맛과 양이 적당한 편이며, 고기가 푸짐하고 맛있다는 평이 많습니다. 또한, 국물이 맑고 칼칼한 맛이 좋으며 야채를 더 추가하면 더 맛있게 먹을 수 있다는 팁이 있습니다. 할인 기간에 구매한 고객님들은 추가 구매를 하셨다는 의견이 많고, 배송도 빠르다는 평이 있습니다."
5044756,갈빗살 육개장 (2인분),negative,14,해동 후 물바다가 되서 구멍이 나고 청소가 어려운 불만이 많으며 배송 중에 구멍이 나거나 내용물이 흘러나오는 문제가 발생하여 위생상 불결한 느낌을 받았습니다.
5044756,갈빗살 육개장 (2인분),positive,86,이 제품은 가격대비 가성비가 좋고 맛있다는 평이 많아요. 집에서 간편하게 끓여 먹을 수 있어서 편리하고 양도 푸짐해서 가족 모두에게 적합해요.
5045208,우거지 감자탕,negative,30,"이 제품은 간편하지만 몇 가지 문제가 있습니다. 감자탕의 맛은 기대와 다르며, 뼈에 붙은 고기는 분리가 잘 안 되며 일부에서는 잡내를 맛볼 수 있습니다. 또한, 박스가 문제가 있어 배송 시 문제가 발생할 수 있습니다."
5045208,우거지 감자탕,positive,64,"이 제품은 가격대비 좋은 가치와 풍부한 토핑으로 인해 많은 사람들이 만족하고 있습니다. 집에서 간단하게 끓여 먹을 수 있어 편리하고, 양도 많아 가족 모두에게 적합합니다."
5047801,얼큰이 순대국,negative,16,"이 제품은 맛이 최악이고 믿을 수 없으며, 고기 질이 좋지 않고 국물은 msg가 들어있어서 좋지 않아 보인다. 또한, 돼지 털이 많은 문제로 일부 고객들은 순대만 먹고 버렸다. 제품의 품질이 떨어져서 많은 고객들이 실망했다."
5047801,얼큰이 순대국,positive,74,이 제품은 맛이 좋고 양이 푸짐하여 가족 모두에게 적합합니다. 홍 반장 얼큰 순대국은 컬리에서 구매한 식품 중에 최고입니다. 국물과 고기가 적절히 들어 있어 양이 충분한 제품입니다. 냉동실 비상식량으로 든든하게 식사할 수 있어 편리합니다. 피곤한 때도 순대국 한 그릇이 피로를 풀어주는 효과가 있습니다.
5048192,목련 어묵탕,negative,6,"어묵 제품의 질이나 맛에 대한 불만이 있으며, 아이와 함께 먹기 어려운 매운 오뎅이 포함되어 있습니다."
5048192,목련 어묵탕,positive,94,"이 제품은 다양한 종류의 어묵과 스프가 들어 있어 다양한 맛을 즐길 수 있고, 간편하게 끓일 수 있어 편리합니다."
5048735,구수한 근대된장국,negative,24,이 제품은 불만족한 경험이 많습니다. 벌레 문제와 퀄리티가 부실하고 냄새가 심한 문제가 있어요.
5048735,구수한 근대된장국,positive,74,"이 제품은 시원하고 맛있는 근대 국입니다. 컬리에서 판매하는 집 된장을 국물에 더하면 푸짐해지는 맛이 좋습니다. 또한, 양이 적지만 맛은 좋고 간이 적당하여 밥과 함께 먹기 좋으며, 조미료 냄새도 적고 후다닥 먹을 수 있습니다. 두부를 넣어도 좋은 맛이 있으며 워킹맘으로 항상 구비하는 제품입니다."
5048737,깊은맛 소고기미역국,negative,22,고기에서 냄새가 나서 별로였어요. 맛은 있는데 고기 질이 아쉽네요. 기름덩이가 많고 질겨서 씹을 수가 없어요.
5048737,깊은맛 소고기미역국,positive,76,"이 제품은 맛있고 푸짐한 양을 제공하며 다양한 맛을 가지고 간편하게 끓일 수 있습니다. 또한, 맛이 균일하고 깔끔한 국물 맛을 제공합니다."
5048745,감자탕,negative,30,이 제품은 가격이 비싼 만큼의 맛과 양을 제공하지 못하고 있습니다.
5048745,감자탕,positive,68,이 제품은 가격 대비 가성비가 좋은데 맛도 좋고 편리해요.
5048746,청국장,negative,12,이 제품은 청국장 맛이 약하다는 문제점과 불량 제품이 있다는 문제가 있습니다.
5048746,청국장,positive,84,"이 제품은 맛이 진하고 담백한 맛을 제공하는 제품입니다. 냄새가 적고, 간이 적당하며, 양이 푸짐하여 가족 모두에게 적합합니다. 제품은 냉동 상태로 배송되며, 먹기 전날 냉장고에 넣어 해동하면 조리할 수 있습니다."
5049302,나주 곰탕,negative,18,"고기는 잡내가 나고 질기며 퍽퍽한 경우가 많으며, 일부 제품은 포장지에 구멍이 있어 내용물이 노출됩니다."
5049302,나주 곰탕,positive,74,"이 제품은 가격이 저렴하고 맛있다는 평이 많으며, 집에서 간편하게 끓여 먹을 수 있어 편리한 제품입니다."
5049304,설렁탕,negative,6,"이 제품은 맛이 별로했고, 냄새가 나서 불만족스러운 경험이 있다고 하네요."
5049304,설렁탕,positive,92,"이 제품은 고객들의 평이 매우 좋습니다. 아이들이 먹기 좋고 싱거운 맛, 건강한 맛을 좋아하시는 분들에게 추천드릴만한 제품입니다. 고객님들은 밥을 말아 먹었을 때도 맛있다고 하며, 한 끼 식사로 딱이어서 좋다고 하십니다. 또한, 곰탕보다는 더 맛있다고 하며, 배송이 빨라서 좋다고 하십니다. 고기는 많고 얇지 않고 국물도 좋다는 의견이 많습니다. 고객님들은 이 제품을 자주 구매하시는 분들이 많습니다."
5049679,김치 우리콩 비지찌개,negative,48,이 제품은 비지찌개와 이름이 비슷하지만 비지가 적게 들어가고 국물이 많아 맛이 떨어지는 문제가 있습니다.
5049679,김치 우리콩 비지찌개,positive,46,"이 제품은 맛있고 편리한 비지찌개로, 냉동으로 오래 보관할 수 있어 좋고, 부족하지 않게 김치와 고기가 씹히고 맛있어요. 비지향이 강한 분은 좋아할 것 같고, 김치가 많고 비지가 고와서 김치찌개 느낌이 나요."
5049680,하얀 우리콩 비지찌개,negative,18,"이 제품은 맛이 불만족스럽고, 비지찌개와 비슷한 맛이 나지만 실제 콩 국 맛이 나오지 않는다는 의견이 많습니다."
5049680,하얀 우리콩 비지찌개,positive,76,"이 제품은 맛이 좋고, 간이 적당하여 편리하고 건강에 좋은 맛입니다."
5049682,순살 꼬막 우렁된장찌개,negative,28,"이 제품은 비린내가 심하고 맛이 별로며, 두부가 으스러져 식감이 이상합니다. 또한, 신선하지 않은 맛을 느낄 수 있습니다."
5049682,순살 꼬막 우렁된장찌개,positive,68,"이 제품은 맛이 좋고, 두부, 버섯 등 추가로 넣을 수 있어 만족합니다. 우렁 된장찌개는 특히 좋으며, 꼬막이 레토르트라서 특유의 맛이 없지만, 그게 먹고 시프면 직접 먹는 게 맞다고 생각합니다. 꼬막이 아낌없이 들어가고, 맛이 호불호가 갈릴 수 있지만 재구매합니다. 입맛 없을 때 먹기 좋은 된장찌개이며, 청양고추를 넣으면 맛있답니다. 부재료를 더 넣으면 더 좋을 것 같아요."
5049685,얼큰 순대국,negative,18,"이 제품은 만족스럽지 못한 고객들의 의견이 많습니다. 맛과 양이 떨어져 실망스럽다는 의견이 많고, 맛이 연해지고 칼로 자른 흔적이 보이는 등 문제점이 있습니다. 또한 양이 줄어들어 재주문 의사가 없다는 의견이 많습니다."
5049685,얼큰 순대국,positive,78,"이 제품은 가격대에 비해 가성비가 좋은데 맛도 좋고, 집에서 간편하게 끓여 먹을 수 있어서 좋아요. 다만, 유통기한이 짧아서 버리는 경우가 있다는 점에 주의가 필요해요."
5049686,백암 순대국,negative,14,"이 제품은 맛이 좋지만 가격이 비싸다는 의견이 많습니다. 세일 때 구매하는 것이 좋고, 화학적 조미료가 포함되어 있어 일부 고객이 다시 구매하고 싶지 않다고 말합니다."
5049686,백암 순대국,positive,86,이 제품은 가격에 비해 가성비가 좋고 맛이 풍부하다는 평이 많습니다. 집에서 간편하게 끓여 먹을 수 있어 편리하고 가족 모두에게 적합합니다.
5049761,알탕,negative,12,"이 제품은 냄새가 좋지 않아 버렸다는 의견과 양이 적다는 불만, 알이 싱싱하지 않아 먹을 수 없다는 문제점, 여름에 배송 시키는 경우가 불편하다는 의견이 있습니다."
5049761,알탕,positive,82,"이 제품은 맛이 좋고, 알이 많고 국물이 진한 제품입니다. 많은 사람들이 만족합니다. 재료를 추가하면 더 맛있게 먹을 수 있고, 집에서 간편하게 끓여 먹을 수 있어 편리합니다."
5049762,꽃게 해물탕,negative,24,해물이 비싼 데다 상태가 좋지 않아 많은 사람들이 불편해합니다.
5049762,꽃게 해물탕,positive,74,"이 제품은 가격 대비 만족스럽고, 편리하고 푸짐하여 가족 모두에게 적합합니다. 냉동 꽃게의 신선도는 좋고, 야채를 넣으면 국물이 시원하고 맛납니다."
5050925,한우 사골육수,negative,4,"이 제품은 배송과 포장에 문제가 있고, 품질도 좋지 않습니다."
5050925,한우 사골육수,positive,92,"이 제품은 가격이 저렴하고 맛이 좋으며, 집에서 쉽게 끓일 수 있어 편리하지만 유통기한이 짧다는 단점이 있습니다."
5051186,갈비탕,negative,52,"이 제품은 저렴하지만, 일부 고객들은 고기가 부족하다는 불만을 제기했습니다."
5051186,갈비탕,positive,40,"이 제품은 가격대에 비해 좋고 맛있다는 평이 많으며, 가족 모두에게 적합한 편리한 제품입니다."
5052664,소내장탕,negative,12,"이 제품은 맛이 좋지만 무가 많이 들어가고 시래기가 있고 양이 적다는 문제가 있고, 컬리에서 구매한 후 제품의 품질이 떨어집니다. 배송 시 택배 기사와 제품 문제도 발생했습니다."
5052664,소내장탕,positive,84,"이 제품은 가격대에 비해 맛과 양이 풍부하며, 냉동으로 간편하게 끓여 먹을 수 있어 편리하고 가족 모두에게 적합하지만 유통기한이 짧다는 단점이 있습니다."
5052864,차돌 청국장,positive,92,이 제품은 맛과 양이 모두 만족스럽고 가족 모두에게 적합한 제품입니다.
5052865,사골 황태국,negative,18,"포장지의 문제점으로는 종이 패키지의 국물이 새는 문제, 비닐 봉투의 녹은 사골이 흘러내리는 문제, 포장지의 위생 상태가 찜찜하다는 문제가 있습니다."
5052865,사골 황태국,positive,74,"이 제품은 해장과 든든한 한 끼로도 적합한 제품입니다. 아기 먹이기에 적합하여 구매하는 고객이 많으며, 달걀만 풀어 첨가하면 맛있게 먹을 수 있습니다."
5053979,사골 도가니탕,negative,60,"이 제품은 여러 가지 문제점을 가지고 있습니다. 우유와 비슷한 색상의 국물, 인위적인 고소한 맛, 기름이 많고 국물이 변한 것처럼 보이는 등 여러 가지 문제가 있습니다. 또한, 위생 상태가 좋지 않아 머리카락이 도가니에 박혀 있는 경우가 있습니다."
5053979,사골 도가니탕,positive,38,"이 제품은 가격이 저렴하고 맛이 좋으며, 토핑이 풍부하여 많은 사람들이 만족스럽게 평가합니다. 또한 집에서 간단하게 끓일 수 있어 편리하고, 양도 충분하여 가족 모두에게 적합합니다."
5053980,한우 사골 곰탕,negative,30,"이 리뷰는 컬리에서 구입한 사골 곰탕에 대한 고객의 불만을 담고 있습니다. 주요 문제점으로는 냄새가 나고 터진 제품, 맛과 국물의 문제, 가격 대비 품질이 좋지 않음, 검수 과정의 의심, 취소 후 마음이 불편한 점이 있습니다."
5053980,한우 사골 곰탕,positive,68,"이 제품은 가격대에 비해 맛과 양이 만족스럽습니다. 국물이 진하고 고소하여 떡국 끓여 먹기 좋으며, 양도 충분합니다."
5053981,한우 사골 고기 곰탕,negative,26,"이 제품은 고객들로부터 많은 불만을 들었습니다. 일부 고객들은 제품을 받았을 때 포장 문제로 옷이 망가졌고, 냉동 후 맛이 떨어진다는 점을 불만으로 제기했습니다. 또한, 제품의 가격이 비싼 것 같다는 의견을 제시했습니다."
5053981,한우 사골 고기 곰탕,positive,70,"이 제품은 맛과 편리성이 뛰어나며, 집에서 간단히 끓여 먹을 수 있어 좋습니다."
5055553,콩비지찌개,negative,8,이 제품은 맛이 싱겁고 느끼하다는 의견이 많으며 냄새가 고소하고 냉동 포장으로 위생상에 문제가 있어 보이는 의견도 있습니다.
5055553,콩비지찌개,positive,88,"이 제품은 가격에 비해 좋은 제품입니다. 집에서 쉽게 끓여 먹을 수 있어서 편리하고, 양도 충분해서 가족 모두에게 적합합니다. 단, 유통기한이 짧다는 단점이 있습니다."
5055823,진한 갈비탕,negative,64,"이 제품은 맛이 별로이며, 고기가 질기고 냄새가 나서 먹기 불편합니다. 일부人は 국물이 괜찮지만 고기가 질기고 냄새가 나서 불편하다고 생각합니다. 또한, 국물이 짭짤하고 기름이 많아 기름을 제거할 수 없게 느껴집니다."
5055823,진한 갈비탕,positive,34,"이 제품은 가격에 비해 좋은 가치와 풍부한 토핑으로 인기가 많으며, 편리한 집용으로 가족 모두에게 적합합니다."
5055824,진한 소고기국밥,negative,16,이 제품은 맛이 떨어지는 문제점이 많습니다.
5055824,진한 소고기국밥,positive,84,"이 제품은 맛있고 양도 푸짐해서 가족 모두에게 적합한 제품입니다. 간편하게 끓여 먹을 수 있어서 편리하고, 냄비를 바로 끓일 수 있어서 편리합니다. 내용물도 알차고 든든하게 먹기 괜찮고, 건더기도 많고 맛있으며 간도 적당합니다."
5056783,찹쌀 진순대국,negative,32,"소비자는 제품을 여러 번 구매해 먹었지만 최근 구매한 제품에서 문제가 발생했습니다. 주요 불만 사항으로는 검은색 알맹이와 날파리 벌레, 머리 고기에 돼지 털, 기름이 많고 맛이 없다는 점, 이빨이 들어있는 점, 기름이 너무 많아 삼겹살 국과 비슷한 점이 있습니다."
5056783,찹쌀 진순대국,positive,62,"이 제품은 맛있고 양도 푸짐하여 가족 모두에게 적합합니다. 특히, 진한 맛을 좋아하시는 분들에게 추천할만한 제품입니다."
5057668,경복궁 BLACK 도가니탕&고기곰탕 (4개입),negative,26,"이 제품은 추석 선물로 시댁 어르신네에게 발송했을 때 다른 제품을 받았습니다. 배송 상자 제작이 여유 있게 이루어지지 않아 제품이 손상되었습니다. 또한, 동일한 제품의 가격이 시간 차도 없이 변동되는 것에 대한 불만이 있습니다. 도가니탕은 맛있지만, 국물이 우유 빛깔로 느껴지는 문제가 있고, 도넛 박스가 젖어 도넛도 젖었으며, 고기 곰탕은 도가니탕보다 유통 기한이 짧다는 의견이 있습니다."
5057668,경복궁 BLACK 도가니탕&고기곰탕 (4개입),positive,70,"이 제품은 고급스럽고 예쁘게 포장되어 선물용으로 적합하며, 국물이 진하고 맛있으며 간 조절이 가능하여 기호에 맞게 즐길 수 있습니다. 또한 냉동 상태에서도 냄새가 거의 없고 신선한 재료로 제작되어 신선한 맛을 느낄 수 있습니다."
5057898,소고기 무국,negative,14,"이 제품은 비상 식품으로 구매했지만 냉동 상태에서 사용할 수 없다는 불만이 많고, 육수 양이 부족하여 국 끓이기 어렵다는 문제가 있습니다. 배송 시기와 지연에 대한 불만도 있어요."
5057898,소고기 무국,positive,76,"이 제품은 간편하고 맛있는 무국으로, 냉동고에 미리 쟁여두면 편리합니다. 소고기 무국은 맛있고 양이 적당합니다."
5058878,프리미엄 어묵탕,negative,4,"이 제품에는 벌레가 발견되는 문제가 있습니다. 또한, 이 제품을 사서 사용한 사람들은 앞으로 이 제품을 사서 사용할 때 다시 고민하게 될 것 같습니다."
5058878,프리미엄 어묵탕,positive,96,"고래 사 어묵은 맛있고 건강한 어묵으로 맛별로 모양별로 먹는 재미도 있고 쫀득쫀득한 맛이 좋아요. 보존제와 착색제, 밀가루가 들어가지 않아서 아이들에게도 안전하게 먹일 수 있어요."
5058975,진한 소고기 곱창전골,negative,20,이 제품은 가격이 비싸고 내용물이 부족하여 좋지 않습니다. 처음에는 만족했지만 점점 더 나빠집니다. 국물은 맛있지만 고기는 부족하여 재구매 의사 없습니다.
5058975,진한 소고기 곱창전골,positive,74,"이 제품은 맛있고 양도 넉넉한 편입니다. 건더기가 풍부하고 국물이 진해져서 좋습니다. 특히, 건더기가 많아진 제품은 더 맛있게 먹을 수 있어요."
5059007,동태탕,negative,26,"이 제품은 간편하게 먹을 수 있지만, 냉동 야채의 한계로 맛이 부족하다는 의견이 많아요."
5059007,동태탕,positive,68,"이 제품은 한 끼 식사로 좋고, 야채는 냉동 상태라서 편리합니다. 시원하고 맛있으며 재구매 생각 있습니다."
5060056,들기름향 솔솔 고흥 미역국,negative,2,"리뷰에서는 식구들이 만든 미역국이 잘 먹히지 않고, 막들이 이 제품을 마시는 것에 대해 의문을 제기하고 있습니다."
5060056,들기름향 솔솔 고흥 미역국,positive,96,"이 제품은 가격대에 비해 좋은 가치가 있고, 다양한 토핑으로 맛이 좋다고 말하는 사람들이 많아요. 집에서 간단하게 끓여 먹을 수 있어서 편리하고, 양도 충분해서 가족 모두에게 적합해요."
5061723,양지곰탕 600g,negative,12,"고객은 제품의 질감에 불만을 토로하고 있으며, 제품의 일부분에 붙어 있는 불쾌한 물질 때문에 불편한 경험을 겪었습니다."
5061723,양지곰탕 600g,positive,88,"이 제품은 가격에 비해 만족스러운 맛과 풍부한 토핑으로 인기가 많으며, 집에서 쉽게 끓일 수 있어 편리하고 가족 모두에게 적합합니다."
5061780,사골 황태미역국,negative,14,가시가 들어 있는 황태와 제품의 문제로 불만이 많았습니다.
5061780,사골 황태미역국,positive,82,"이 제품은 맛있는 국을 제공하며 고객들이 만족스럽게 사용하고 있습니다. 특히 국물이 진하고 구수한 맛을 즐길 수 있으며, 냉동해두고 급할 때 먹기 좋고 간편하게 먹을 수 있습니다. 또한, 다양한 맛을 제공하고 있으며 사골과 황태가 들어간 국은 맛있고 영양가가 풍부합니다."
5061835,사골만두칼국수,negative,4,"이 제품은 기대와 달라 사골 국물이 아니며, 순수 사골 농축액이 아닌 사골 식물성 크림 조미료가 강하게 들어있다."
5061835,사골만두칼국수,positive,96,"이 제품은 가격대비 맛이 좋고, 토핑이 풍부해서 좋다는 평이 많아요. 집에서 간편하게 끓일 수 있어 편리하고, 양도 충분해서 가족 모두에게 적합해요."
5062287,특설렁탕,negative,18,"고기 부위가 이상하고 질겨 맛이 실망스럽고, 기름기가 많으며 누린내가 강합니다."
5062287,특설렁탕,positive,80,"이 제품은 푸짐하고 맛있는 설렁탕으로, 양이 많고 고기 양이 풍부합니다. 특히 세일할 때 재구매 의사가 많은 편리한 냄비 18cm에 적합한 양과 국물이 진득하고 맛있으며, 건더기도 많아 술안주로도 좋을 거 같아요."
5062288,도가니탕,negative,24,"이 제품은 기름이 많고, 도가니가 적다는 불만이 많습니다. 또한, 기대에 미치지 못한 점도 불만으로 나타났습니다."
5062288,도가니탕,positive,66,"이 제품은 맛이 좋고 국물이 진하고 양이 푸짐합니다. 도가니의 맛과 양, 국물의 진함이 만족스럽고, 냉동 상태에서도 맛이 괜찮고 가성비도 좋습니다."
5062297,곱창 해장국,negative,10,이 제품은 불만이 많은 것으로 보아似乎 만족스럽지 않습니다.
5062297,곱창 해장국,positive,86,"이 제품은 양이 많고 맛이 좋으며, 집에서 간편하게 먹을 수 있어 편리합니다."
5063932,고기듬뿍 아롱사태 곰탕,negative,6,이 제품은 맛은 나쁘지 않지만 느끼한 맛이 있다는 의견이 있어요. 양이 조금 더 많았으면 좋았을 것 같다는 의견이 있지만 재구매는 하지 않는다는 의견이 있어요.
5063932,고기듬뿍 아롱사태 곰탕,positive,92,"이 제품은 맛있고, 고기가 많으며, 국물이 담백하고 깔끔합니다. 간이 조미료 맛이 살짝 강하며, 국물만 담아도 좋습니다."
5064024,키즈 곰국 (5개입),negative,18,이 제품은 냄새가 좋지 않아 애기가 먹지 않는다는 의견이 많습니다. 기름이 많아 기호가 떨어집니다. 기름을 제거해 주시면 좋을 것 같습니다.
5064024,키즈 곰국 (5개입),positive,76,"이 제품은 아이들이 좋아하는 맛이면서도 건강한 선택으로 기대 이상의 만족을 주는 제품입니다. 

가성비가 좋은 이 제품은 토핑이 풍부하여 맛이 좋으며, 집에서 간편하게 끓여 먹을 수 있어 편리합니다. 또한, 양이 푸짐하여 가족 모두에게 적합합니다."
5066024,옛날청국장,negative,18,이 제품은 3중 포장으로 불편하고 맛이 약하거나 신맛이 강하다는 불만이 많아요.
5066024,옛날청국장,positive,80,"둥구나 무 청국장은 맛이 좋고 두부의 질감이 부드럽고 좋습니다. 냉장 청국장은 담백하고 자극적이지 않은 맛을 가지고 있으며, 집에서 끓인 것처럼 맛이 납니다. 이 제품은 가성비가 좋고 양도 적당하며 가족 모두에게 적합합니다."
5066066,고기왕만두,negative,12,"이 제품은 기대와 달리 맛이 만족스럽지 않으며, 다른 만두와 비슷한 맛을 가지고 있어요. 이전에는 더 맛있었던 것 같지만 현재는 시판 만두와 비슷한 맛을 가지고 있어요."
5066066,고기왕만두,positive,82,"이 제품은 맛과 양이 풍부한 만두입니다. 기름이 적고 담백한 맛이 좋으며, 만두국이나 칼국수에 넣어 먹거나 야식으로 구울 때도 좋습니다."
5066505,소고기 된장찌개,negative,30,이 제품은 기름이 많고 감자가 썩어 오거나 많아 불만족스럽습니다.
5066505,소고기 된장찌개,positive,70,"이 제품은 가격이 합리적이고 맛도 좋으며, 가족 모두가 먹을 수 있는 양이 많아 편리합니다."
5067835,찹쌀 순대국,negative,34,이 제품은 신선하지 못한 이물질과 포장 불량 문제로 불만이 많습니다.
5067835,찹쌀 순대국,positive,58,"이 제품은 맛이 깔끔하고 국물이 진하며, 건더기가 많으며 맛이 좋습니다. 또한, 집에서 간편하게 끓여 먹을 수 있어 편리하고 양도 푸짐하여 가족 모두에게 적합합니다. 특히, 냄새가 거의 없으며 신선한 재료를 사용한 것 같고, 맛있는 데 돼지 털이 박혀 있어 좋으며 가격도 저렴하여 세일할 때마다 쟁여두는 사람들이 많습니다."
5068037,냉이 된장찌개,negative,30,"불만 사항과 문제점으로 요약한 내용은 다음과 같습니다.

1.  조개에 모래 같은 이물질이 씹히는 소리가 나며 두드러기 올라올까봐 걱정합니다.
2.  조개 껍질이 배송 중에 부서져서 오고, 모래까지 있어요.
3.  냉이 향이 약하고 바지락이 신선해 보이지도 않고 된장 향도 그닥합니다.
4.  재료들이 매우 작게 잘라져 있어서 비벼 먹어야 될 것 같은 두부 버섯 호박은 제가 더 넣었고 혼자 다 먹었습니다.
5.  냉이가 한 뿌리만 있어서 실망했습니다.
6.  냉이 된장찌개가 아니라 그냥 바지락 된장찌개였습니다."
5068037,냉이 된장찌개,positive,64,"냉이 된장찌개의 장점은 냉이와 바지락이 들어가 맛이 좋고, 냉이의 은은한 향이 좋으며, 시원하고 구수합니다."
5068792,착한들 한우사골곰탕 기획세트,negative,4,"이 제품은 다른 곰탕보다 느끼하고, 정육점의 곰탕과 섞어 끓여도 덜 느끼한 편입니다."
5068792,착한들 한우사골곰탕 기획세트,positive,90,"이 제품은 진한 국물과 고소한 맛이 특징입니다. 소금 간이 미리 되어 있어 각자 기호에 맞게 먹을 수 있습니다. 한우 사골 100을 믿고 먹는 제품으로, 맛있고 진한 국물이 특징입니다."
5068907,고기 설렁탕,negative,16,"이 제품은 기대와는 거리가 먼 맛과 양을 제공하는 것으로 보입니다. 기름이 많은 국물과 얇은 고기 슬라이스로 구성되어 있으며, 가게에서 먹는 것과는 차이가 있습니다. 배송 문제로 인해 스트레스를 받을 수 있습니다."
5068907,고기 설렁탕,positive,84,"이 제품은 신선한 재료로 만들어진 냉동 설렁탕으로, 집에서 간편하게 끓여 먹을 수 있어 편리하고 맛있다는 평이 많아요. 냉동 제품으로 끓이면 편리하고 간이 적당하여 소금 후추를 넣지 않아도 맛있게 먹을 수 있습니다."
5068908,고기 사골곰탕,negative,12,"이 제품은 맛이 좋지 않으며, 국물이 누렇고 양이 적다는 점에 대해 많은 불만이 있습니다."
5068908,고기 사골곰탕,positive,88,이 제품은 맛이 좋고 편리한 제품입니다. 고기 사골 곰탕은 특유의 고기 향이 있고 국물이 깔끔하고 고기가 부드럽습니다. 또한 양이 푸짐하고 냄새가 거의 없으며 신선한 재료가 사용된 것 같으며 기름기가 조금 있지만 맛이 좋고 저렴한 가격에 구매할 수 있어 만족스럽습니다.
5068968,곰탕,negative,20,고기 양이 적고 기름이 많은 불만족스러운 제품입니다.
5068968,곰탕,positive,76,"이 제품은 가격 대비 가성비가 좋으며, 맛있고 푸짐한 국물이 있으며, 냄새가 거의 없고 간이 적당하여 가족 모두에게 적합합니다."
5069790,이문 설렁탕,negative,12,이 제품은 가격이 비싸고 맛이 별로며 재구매 의사가 없다는 평이 있습니다.
5069790,이문 설렁탕,positive,84,이 제품은 가격대에 비해 맛있고 양도 많아서 좋다는 평이 많아요.
5070031,우리아이 된장찌개,negative,12,이 제품은 초등 저학년 아이에게 적합하지 않으며 맛도 별로이고 버섯이 많아 아이가 싫어하는 문제가 있습니다.
5070031,우리아이 된장찌개,positive,86,킨더 가든 국은 양이 많고 건더기가 많아 잘 먹기를 바라며 두 끼 정도 나눠 주기 좋은 양에 건더기가 듬뿍하여 구수하고 딱 좋은 된장찌개입니다.
5070193,한끼든든 편안한 소고기뭇국밥 (리뉴얼),negative,4,"이 제품은 맛이 괜찮지만 짜다는 불만이 있으며, 맛이 부족한 느낌을 받았다고 합니다."
5070193,한끼든든 편안한 소고기뭇국밥 (리뉴얼),positive,94,"이 제품은 간단한 식사용으로 적합하고, 세일하면 많이 구매하게 되며 좋아합니다."
5070615,소곱창전골,negative,36,이 제품은 냄새가 나고 맛이 변한 것 같아 불만족스러운 고객들의 의견이 많아요. 특히 우거지의 질겨서 삼키기 불편하고 잡내를 잡을 수 없다는 문제가 있어요.
5070615,소곱창전골,positive,64,이 제품은 가격이 저렴하고 맛이 좋아서 많은 사람들이 좋아해요. 집에서 쉽게 끓여 먹을 수 있고 양도 많아 가족 모두가 좋아하는 제품입니다.
5070616,더진한 부대찌개,negative,14,"이 제품은 냉동식품으로 해동 시 국물이 새는 문제가 있으며, 매콤하고 느끼한 맛이 강한 편이며, 부대찌개와는 다른 햄이 많이 들어가 있습니다."
5070616,더진한 부대찌개,positive,82,"부대찌개의 장점은 다음과 같습니다.

1.  맛있고 풍성한 맛을 제공합니다.
2.  국물 맛이 깔끔하고 가벼운 맛입니다.
3.  양이 적당하고 냉동실에 쉽게 보관할 수 있습니다."
5071449,갈빗살육개장 (1인분),negative,20,"이 제품은 유통기한이 짧은 1년 된 냉동된 음식을 먹는 것이 불편하고, 맛이 떨어지는 문제가 있습니다."
5071449,갈빗살육개장 (1인분),positive,70,"이 제품은 가격이 저렴하고 맛이 좋다는 평이 많습니다. 냉동 제품이지만 유통기한이 짧다는 점이 조금 불편하지만, 맛은 집에서 끓인 것처럼 느껴지는 편리한 제품입니다. 갈비와 고기가 들어가서 맛있고 건더기가 적어 편리합니다. 맛은 진하고 맵지 않으며 야채가 적습니다."
5072981,한방 반계탕,negative,18,"이 제품은 품질이 떨어지고, 불만이 많습니다. 키친타월과 머리카락이 들어있는 쓰레기와 함께 판매된다는 의혹이 있고, 국물은 녹말 물과 비슷하고 고기는 냄새가 나고 질기었습니다."
5072981,한방 반계탕,positive,80,"이 제품은 맛있고 편리한 한 끼 식사로 추천합니다. 냉동이 아닌 냉장 제품으로 해동할 필요가 없으며, 쫀득한 찹쌀 밥과 단단한 닭고기는 맛있으며, 간도 적당하고 죽도 양이 많습니다."
5074117,미역오이냉국,negative,34,"이 제품은 당뇨와 대사증의 원인이자 기폭제인 과당을 함유하고 있어 고객들이 꺼림직하다고 말하고 있습니다. 또한, 유럽과 동남아시아에서는 거의 사용되지 않지만 일본과 한국에서는 식품에 넣는다는 점을 지적하고 있습니다. 제품의 맛을 향상시키는 방향으로 발전하는 것이 바람직하다는 의견이 있습니다."
5074117,미역오이냉국,positive,60,"이 제품은 여름에 입맛이 없을 때 시원하고 새콤한 맛으로 잘 먹히며 가족 모두에게 적합합니다. 간이 쎄면 더 상쾌하고 개운하며, 소화 불량이 있는 분들에게 강추입니다."
5075636,마늘 닭도리탕,negative,80,"이 제품은 맛이 별로며, 고춧가루와 마늘의 국물이 짠맛이 강하고, 고기는 맛이 없으며, 냄새가 나서 좋지 않습니다."
5075636,마늘 닭도리탕,positive,12,간편하고 맛있는 닭도리탕을 집에서 쉽게 끓일 수 있는 제품입니다.
5077478,초계탕,negative,26,"이 제품은 가격이 비싼 편이며, 야채의 싱싱성과 양이 충분하지 않습니다. 또한, 닭 가슴살이 연한 맛이 나며, 육수 양이 적습니다. 야채의 상태가 좋지 않아 불만족한 점이 많습니다."
5077478,초계탕,positive,72,"이 제품은 가격에 비해 만족스럽고 맛있으며, 냄새가 없으며 국물이 시원하고 재료가 신선합니다."
5081516,삼계탕 900g (2개입),negative,6,"이 제품의 직접 조리된 제품이 가장 맛있다고 생각되며, 냉동 제품은 편리하지만 뼈가 으스러져 짜증이 나고 닭 비린내가 남는다는 단점이 있습니다."
5081516,삼계탕 900g (2개입),positive,92,"이 제품은 가격이 착한 편이고 맛도 좋으며, 집에서 간편하게 먹을 수 있어 좋지만, 유통기한이 짧다는 단점이 있습니다."
5082996,사골우거지국,negative,8,"이 제품은 맛이 별로고, 국물이 맛이 없으며, 조미료 맛이 너무 짠다는 의견이 많고, 우거지가 적은 것 같아 불만족스럽습니다."
5082996,사골우거지국,positive,90,"이 제품은 가격에 비해 좋은 가치가 있고, 맛있는 토핑이 많아 좋다는 평이 많습니다. 집에서 쉽게 끓여 먹을 수 있어 편리하고, 양도 충분하여 가족 모두에게 적합합니다."
5082997,시래기된장국,negative,4,"이 제품은 국물이 많고 건더기가 적다는 좋은 점이 있지만, 질감이 아쉬워서 불만을 느끼고 맛이 너무 짠다는 문제점이 있습니다."
5082997,시래기된장국,positive,90,"이 제품은 맛있고 편리한 제품입니다. 시래기 국은 맛있고, 간도 적당하며, 시래기도 부드럽고 좋습니다."
5082998,소고기무국,negative,12,"이 제품은 후추 맛이 강하고, 사진과 다른 고기 양, 찢어져 있는 고기, 푹서 씹히지 않는 무가 불만입니다."
5082998,소고기무국,positive,84,"이 제품은 집에서 간편하게 끓일 수 있고 맛이 좋으며 양도 푸짐합니다. 다른 제품의 국물 맛도 좋다는 평이 많으며, 세일로 좋은 가격에 구입한 후에도 만족스럽게 먹었습니다."
5082999,청국장 찌개,positive,100,이 제품은 맛있고 구수하다는 평이 많아요. 냉동으로 두부가 얼지 않는다는 점이 신기하다는 의견이 있습니다. 간단히 청국장 국물과 콩 정도 먹거나 재료를 더 추가하거나 그 재료로 끓이는 것도 좋습니다. 두부를 넣으면 맛이 더 좋아진다는 의견도 있습니다.
5083000,추어탕,negative,14,"이 제품은 불량으로 인해 불만족스러운 경험이 있었고, 벌레가 발견되었습니다. 또한, 평소에는 불량이 거의 없다는 의견이 있지만, 이 계절에 잠자리가 왜 나왔는지 모르는 점이 있습니다. 제품의 맛은 매콤하고, 소금 국과 비슷하다는 의견이 있지만, 재구매 의사는 없습니다."
5083000,추어탕,positive,82,"이 제품은 맛과 가성비가 좋으며, 간편하게 끓여 먹을 수 있어 만족합니다. 추어탕을 좋아하는 아이들이 잘 먹으며, 부추와 들깨 가루를 넣으면 더 맛있게 먹을 수 있습니다. 또한, 냄새가 나지 않고 맛이 좋으며 가성비가 좋은 제품으로 가족 모두에게 적합합니다."
5083242,신선설농탕 고기 설렁탕 6입 세트,negative,8,이 제품은 냉동 제품으로 유통기한이 없다는 불만이 많고 일부 고객분들이 녹아버린 제품을 받았으며 재 냉동하기도 불편하다는 의견이 있습니다.
5083242,신선설농탕 고기 설렁탕 6입 세트,positive,92,"이 제품은 가격 대비 가성비가 좋고, 선물용으로도 적합한 포장이 돼서 만족스러운 평이 많아요. 집에서 간편하게 끓여 먹을 수 있어서 편리하고 양도 푸짐해서 가족 모두에게 적합해요."
5093931,한우 미역국,negative,16,"이 제품은 맛이 있지만, 많은 불만이 있습니다. 노란 거품이 많이 떠서, 양이 적고 고기가 거의 없다는 것이 문제입니다. 간이 쎄고, 참기름 향이 강해서 불만족스럽습니다."
5093931,한우 미역국,positive,78,"이 제품은 맛이 뛰어나고 양도 풍부한 미역국 중 가장 맛있는 제품입니다. 고기는 진하고 비린내가 없으며, 미역은 부드럽고 맛있어요. 간이 짧지만 오래 끓이면 짠맛이 줄어들고, 미역을 더해 끓이면 맛이 좋습니다. 유통 기간이 길다는 의견도 있지만, 맛과 가격이 좋으니 자주 구매하는 제품입니다."
5094273,만두전골,negative,10,"이 제품은 포장과 배송에 신경을 쓰지 않아 재료가 깨져서 사용할 수 없다는 불만이 많고, 야채가 시들어 있다는 문제가 있습니다."
5094273,만두전골,positive,90,이 제품은 맛있고 신선한 재료로 만든 만두전골로 만족스러운 평이 많아요. 간편하고 푸짐해서 가족 모두에게 적합합니다. 만두와 야채가 다양하게 들어있어 맛있게 먹을 수 있고 담백한 맛이 좋아요.
5095131,고래사 어묵탕,negative,16,"이 제품은 좋은 평가를 받지 못하고 있습니다. 양이 적고 맛이 별로며 비싸다는 의견이 많습니다. 또한, 소스가 터져서 배달되는 문제와 매운 맛이 싫어하는 사람들에게 추천하지 않는다는 의견이 있습니다."
5095131,고래사 어묵탕,positive,82,이 제품은 가격대비 가성비가 좋고 맛이 풍부하다는 평이 많습니다. 또한 편리하고 양도 충분하여 가족 모두에게 적합한 제품입니다.
5095132,고래사 매콤 어묵탕,negative,18,"이 제품은 가격이 비싸고 어묵이 크고 양이 적다는 단점이 있으며, 매콤한 맛이 기대와 달랐다고 합니다."
5095132,고래사 매콤 어묵탕,positive,76,"이 제품은 맛있는 어묵탕을 제공하는 제품입니다. 칼칼하고 매콤한 국물과 어묵, 야채가 잘 어울려서 맛있게 먹을 수 있습니다. 어묵을 자르면 생각보다 많아져서 충분히 먹을 수 있습니다."
5095179,정통 순두부찌개 KIT,negative,2,"이 제품은 저렴한 가격이 있지만, 품질이 좋지 않다."
5095179,정통 순두부찌개 KIT,positive,92,"이 제품은 가격에 비해 좋은 가성비를 가지고 있으며, 풍부한 토핑으로 맛이 좋고, 집에서 간단하게 끓일 수 있어 편리하며, 양도 충분해서 가족 모두에게 적합합니다."
5095180,얼큰 순두부찌개 KIT,negative,6,이 제품은 맛이 좋고 편리한 형태로 제공됩니다.
5095180,얼큰 순두부찌개 KIT,positive,92,"이 제품은 가격이 착하고 맛있으며, 토핑도 풍부하여 가족 모두에게 적합한 제품입니다."
5095731,소고기 알꼬리 800g (냉동),negative,20,"이 제품은 가격이 비싸고, 소의 털이 많고 기름이 많이 나서 먹기 불편하다는 점이 불만입니다."
5095731,소고기 알꼬리 800g (냉동),positive,80,"이 제품은 가격대에 비해 좋은 가성비를 가지고 있으며 맛이 좋습니다. 또한, 집에서 간편하게 끓일 수 있어 편리하고 양도 충분하여 가족 모두에게 적합합니다. 다만, 유통기한이 짧아 버리는 경우가 있다는 단점이 있습니다."
5097090,맑은 곰탕,negative,12,고객님은 곰탕과 갈비탕에 대한 불만을 제기했습니다. 곰탕은 맛 없고 양 적고 건더기 고기는 뻣뻣했습니다. 갈비탕은 맛있지만 고기가 질겨서 불편했습니다.
5097090,맑은 곰탕,positive,86,"이 제품은 맛이 좋고 고기가 푸짐하고, 간이 적당한 국물로 맛있게 먹을 수 있습니다. 냉동실에 몇 개 쟁여두면 편리하고 가족 모두에게 적합합니다."
5097092,한우사골 양지곰탕,negative,12,"고기는 질기고 냄새가 나며, 쓰레기가 많이 발생하는 문제가 있습니다."
5097092,한우사골 양지곰탕,positive,86,"이 제품은 가격이 저렴하고 맛도 좋으며, 가족 모두가 즐길 수 있는 양의 제품입니다."
5097093,우렁이 옛날 된장찌개,negative,20,"이 리뷰는 기대 이하의 맛, 부실한 재료, 과도한 국물, 부실한 건더기 등 불만 사항과 우렁의 비린 맛 강조, 된장 맛 부족, 비린 맛과 해물 맛의 혼합 등 문제점을 제시하고 있습니다."
5097093,우렁이 옛날 된장찌개,positive,74,이 제품은 우렁이와 두부를 넣은 된장찌개로 푸짐하고 맛있습니다.
5097094,소고기 샤브탕,negative,14,이 제품은 맛이 별로하고 국물이 많으며 질겨서 채소와 고기를 추가해야 한다는 불만이 많습니다.
5097094,소고기 샤브탕,positive,80,"이 제품은 가격이 저렴하고 맛이 좋고 편리한 제품입니다. 다만, 유통기한이 짧다는 단점이 있습니다."
5097307,대파 육개장,negative,6,이 제품은 기름이 많고 애벌레 같은 것들이 들어가 있다는 문제가 있습니다.
5097307,대파 육개장,positive,90,"이 제품은 가격이 저렴하고 맛이 좋으며, 토핑도 많아 가족 모두에게 적합한 편리한 제품입니다. 다만, 유통기한이 짧다는 단점이 있습니다."
5100476,통영 굴국,negative,32,"이 제품은 비린내가 심하고, 굴이 적습니다. 무가 너무 많아 비린내가 심한 무국 맛이 오래된 굴처럼 느껴집니다."
5100476,통영 굴국,positive,62,"이 제품은 간편하고 맛있는 굴 국으로 만족스럽게 먹을 수 있습니다. 국물은 시원하고 담백하며, 굴은 크고 맛있지만 양이 적은 편이지만 보양식으로 적합합니다."
5100778,우된장 한우 된장찌개,negative,8,"이 제품은 맛이 떨어지고 고기가 질겨서 실망스러운 경험이 있다고 하네요. 또, 냉동 상품이 녹아서 문제가 생기는 경우가 있어 반품을 고려하고 계신 것 같아요."
5100778,우된장 한우 된장찌개,positive,90,이 제품은 가격대에 비해 만족스러운 제품입니다. 편리하고 푸짐하여 가족 모두에게 적합합니다. 두부나 양파를 넣으면 풍성해집니다.
5103519,송탄식 부대찌개,negative,48,"이 제품은 냄새가 심하고 맛이 없으며, 냉동으로 인해 식감이 이상하고 간이 짠다는 문제가 있습니다. 또한 국물에서 잡내가 나고 양이 적고 비린내가 느껴지는 등 여러 가지 문제가 있습니다."
5103519,송탄식 부대찌개,positive,46,"이 제품은 편리하고 간단한 조리법으로 맛있는 한 끼를 제공합니다. 편리한 포장과 간단한 조리법으로 쉽게 먹을 수 있지만, 일회용 포장이 많아 죄책감을 느끼는 점과 맛이 약간 심심하다는 의견이 있습니다."
5103533,넉넉한 순대국,negative,8,"이 제품은 냄새가 강하고 양이 적다는 평이 많으며, 남편은 돼지 냄새가 난다고 불만을 제기했습니다."
5103533,넉넉한 순대국,positive,90,이 제품은 가격대에 비해 양이 넉넉하고 맛있다는 평이 많아요. 집에서 간편하게 끓여 먹을 수 있어서 편리하고 가족 모두에게 적합하지만 유통기한이 짧다는 단점이 있어요.
5105613,한우 청국장찌개,negative,16,"이 제품은 냉동 배송 문제와 두부 식감 불량, 고기 질긴 부분과 맛 변화를 지적하는 문제점이 있습니다."
5105613,한우 청국장찌개,positive,80,"이 제품은 맛있고 편리한 제품입니다. 맛을 더 좋게 하려면 야채를 추가하면 좋습니다. 양수면 옥은 맛이 좋고, 고기와 두부가 들어 있어 좋습니다."
5106623,한우 곰탕 600g,negative,76,"소비자들은 끓여도 녹지 않는 하얀 부유물이 문제로 불만을 표명했습니다. 이 부유물은 맛도 느끼하고 찜찜한 느낌을 주며, 일부 소비자들은 이 부유물이 첨가물로 인한 것이라고 추정했습니다."
5106623,한우 곰탕 600g,positive,22,설성 목장 한우 곰탕은 고기 듬뿍에 맛이 좋은 곰탕입니다.
5110442,야채담은 소불고기 400g (냉동),negative,12,"이 제품은 부담스럽게 느껴지는 달콤한 맛과 강한 냄새, 맛 변화를 유발하는 문제가 있습니다. 일부 고객님들은 잔뼈가 많다는 불만을 가지고 있습니다."
5110442,야채담은 소불고기 400g (냉동),positive,84,"이 제품은 가격대에 비해 가성비가 좋으며, 토핑이 풍부해 맛이 좋다는 평이 많습니다. 집에서 간편하게 끓여 먹을 수 있어 편리하고, 양도 푸짐하여 가족 모두에게 적합합니다. 다만, 유통기한이 짧다는 단점이 있습니다. 또한, 냄새가 거의 없으며 신선한 재료를 사용한 것 같아 만족스러운 분들이 많습니다."
5112148,남원골 추어탕,negative,16,"이 제품은 맛이 별로며, 진하지도 않고 약간 짜다는 고객들의 불만이 많고 향신료 냄새가 강하다는 의견도 있습니다."
5112148,남원골 추어탕,positive,80,"이 제품은 가격 대비 가성비가 좋고 맛이 좋다는 평이 많으며, 집에서 간편하게 끓여 먹을 수 있어 편리합니다."
5112149,뼈없는 감자탕,negative,16,"고기와 감자의 조합에 대한 기대와 실제 맛의 차이가 많은 리뷰가 있습니다. 감자탕의 고기는 가슴살처럼 느껴지지만, 감자는 맛이 있어 보이지만 식감이 이상합니다."
5112149,뼈없는 감자탕,positive,80,"이 제품은 가격이 합리적이고 맛이 좋으며, 가족 모두가 즐길 수 있는 양이 풍부하다는 평이 많습니다."
5112151,차돌된장찌개,negative,2,양이 적다는 불만이 있으신 것 같습니다.
5112151,차돌된장찌개,positive,88,"이 제품은 간편하고 맛있는 차돌 된장찌개를 제공하는 제품입니다. 제품의 맛은 고추장 맛을 느낄 수 있고, 두부와 야채가 풍부하게 들어 있어 푸짐한 맛을 제공합니다. 또한, 냉동실에 보관하면 편리하고, 간도 적당하여 가족 모두에게 적합합니다."
5112152,소고기뭇국,negative,4,이 제품은 이상한 식감과 불쾌한 냄새로 불만족합니다.
5112152,소고기뭇국,positive,96,이 제품은 맛이 좋고 편리하고 양도 충분해서 가족 모두에게 적합한 제품입니다.
5112153,보리새우아욱국,negative,12,"이 제품은 시원한 국물이 아니며, 맛도 기대와 다르게 느껴지는 불만이 있습니다."
5112153,보리새우아욱국,positive,86,"이 제품은 맛있다는 사람들이 많아요. 냉동 제품이기 때문에 냉장고에 넣어주면 편리하고 양도 많아서 가족 모두가 먹을 수 있습니다. 건더기도 많고 맛이 있어 좋습니다. 급할 때도 먹을 수 있고, 냄비로도 조리하기 편리해서 좋습니다."
5114061,해물 순두부 찌개,negative,26,"해산물이 상한 것으로 의심되며, 일부 고객이 입을 벌린 조개와 비린내가 나서 조개는 버렸습니다. 오징어의 봉지가 터져 청소가 어려웠고, 해산물이 싱싱하지 않아 불만이 많습니다."
5114061,해물 순두부 찌개,positive,64,"이 제품은 맛과 다양한 재료, 편리한 조리, 충분한 양, 신선한 재료, 다양한 조합으로 가족 모두에게 적합한 제품입니다."
5114062,소고기 순두부 찌개,negative,28,이 제품은 기대와 달리 실망스러운 결과를 낳았습니다. 일부 고객은 제품에 들어있는 고기가 기름덩이로 느껴지거나 양이 적거나 맛이 느끼하다는 의견을 제기했습니다.
5114062,소고기 순두부 찌개,positive,72,"이 제품은 맛있고 가성비도 좋으며, 가족 모두가 즐길 수 있는 양이 풍부한 제품입니다."
5114695,성산포바당 제주 고사리 육개장,negative,8,해장국과 다른 제품으로 후추가 필수 요소인 것 같지만 개인의 입맛에 맞지 않는다는 의견이 있습니다.
5114695,성산포바당 제주 고사리 육개장,positive,80,"제주도에서 먹는 고사리 해장국과 비슷한 맛을 제공하는 제품입니다. 고객들이 이 제품을 맛있게 먹었으며, 마늘을 첨가하면 더 맛있게 먹을 수 있다는 팁이 있습니다. 많은 고객들이 이 제품을 재구매합니다. 이 제품은 냉동 제품으로도 퀄리티가 좋으며 쫄깃하고 걸쭉한 맛을 제공합니다."
5114696,성산포바당 제주 몸국,negative,12,이 제품은 기대와 달라서 재구매 의사가 없다는 의견이 많아요. 맛은 냉이와 걸쭉한 맛이 있어 매니아용으로 보이지만 기대했던 맛은 아니고 시판 용 닭 가슴살 스프와 비슷하다는 의견이 있어요.
5114696,성산포바당 제주 몸국,positive,86,이 제품은 가격대에 비해 맛과 퀄리티가 좋고 할인할 때 구매할 수 있어서 좋다는 평이 많아요. 몸 국은 건강식으로 맛있게 먹을 수 있는 한 끼로 추천합니다.
5114853,순살 감자탕,negative,24,"냉동 제품이 찢어져 있거나, 다른 상품과 충돌하여 손상된 경우가 발생했습니다. 냉동 팩의 구멍으로 국물이 새어 나왔고 플라스틱 조각이 들어 있는 문제가 보고되었습니다. 제품의 맛이 기대와 다르게 별로였거나 재구매 의사가 없는 경우도 보고되었습니다."
5114853,순살 감자탕,positive,72,"이 제품은 가격이 저렴하고 맛이 좋으며, 가족 모두가 먹을 수 있는 양이 풍부하다는 평이 많습니다. 집에서 간편하게 끓여 먹을 수 있어 편리하지만, 유통기한이 짧다는 단점이 있습니다."
5115296,일품 한우 양지미역국,negative,36,"이 제품은 양이 적고, 소고기 썰기가 얇고 비계가 많으며, 양지가 맞지 않는다는 문제가 있습니다. 사진과 실제 제품이 다르다는 의견도 있습니다. 제품의 퀄리티가 떨어져서 실망스럽다는 의견이 많아 오아 시에서 구입하는 것을 추천하는 의견이 있습니다."
5115296,일품 한우 양지미역국,positive,60,"이 제품은 맛이 좋고, 고기는 적당히 들어 있어 좋습니다. 간단한 방법으로 끓이면 편리하고 맛이 깔끔합니다. 국물이 맑고 맛있는 양이 적당합니다."
5115297,일품 한우 양지무국,negative,28,"이 제품은 냉동 후 불만족한 후기가 많습니다. 고객들은 맛이 없거나 질겨서 먹기 어려운 문제를 제기했으며, 국물이 불편하고 양이 적다는 의견이 많습니다."
5115297,일품 한우 양지무국,positive,66,"이 제품은 담백하고 맛있는 반찬으로 적합하며, 바쁜 아침에 아이들에게도 좋습니다."
5115298,양구 시래기 된장국,negative,16,"이 제품은 시래기 상태가 좋지 않아 불편하고 맛도 별로며, 재구 매각 가격이 괜찮다는 의견이 있습니다."
5115298,양구 시래기 된장국,positive,80,"이 제품은 칼칼하고 시원한 맛을 제공하며 겨울철에 맛이 더 좋습니다. 담백한 맛을 좋아하는 사람에게 추천하는 제품입니다. 시래기와 함께 먹을 때 특히 좋으며, 간편하게 시래기 요리를 먹을 수 있어 편리합니다. 신속하고 정확한 배송과 깔끔한 박스를 제공해 안심할 수 있습니다."
5116403,차돌 짬뽕탕,negative,16,불량 상품으로 인해 불만을 느끼신 고객님은 불량 상품을 교환하거나 회수하는 과정에서 불만을 느끼셨습니다.
5116403,차돌 짬뽕탕,positive,82,"이 제품은 맛있고 편리한 제품으로 많은 사람들이 좋아합니다. 간단한 레시피로도 맛있게 먹을 수 있고, 야채와 면을 넣으면 양도 많습니다. 천연 재료로 만든 맛이 있어 깔끔하게 즐길 수 있습니다."
5116405,쟌슨빌 부대찌개,negative,18,제품은 여러 가지 문제를 일으켰습니다.
5116405,쟌슨빌 부대찌개,positive,76,"이 제품은 가격대에 비해 좋은 가성비를 가지고 있으며 맛있는 토핑이 풍부한 제품입니다. 집에서 간편하게 끓여 먹을 수 있어 편리하고 양도 많아 가족 모두에게 적합합니다. 단, 유통기한이 짧아 버리는 경우가 있다는 의견이 있습니다."
5116406,우리집 순두부찌개,negative,12,"이 제품은 맛이 별로였고, 재구매를 고려하지 않습니다. 두부 양이 적고 맛도 좋지 않아 불만족스럽고, 비싼 가격에 비해 가성비가 좋지 않습니다."
5116406,우리집 순두부찌개,positive,86,"이 제품은 가격이 저렴하고 맛도 좋으며, 토핑도 풍부한 편입니다. 집에서 간편하게 끓여 먹을 수 있어 편리하고, 양도 충분하여 가족 모두에게 적합한 제품입니다."
5116407,정갈한 소고기 미역국,negative,12,"이 제품은 맛이 나쁘지 않지만, 비린 맛과 화장품 향이 나며, 집에서 끓이기에는 불편하다는 문제점이 있습니다."
5116407,정갈한 소고기 미역국,positive,80,"이 제품은 간편하고 맛있는 미역국으로 평이 좋습니다. 한 끼로 간단하게 먹기 좋고, 냉장 보관이 가능해 언제든 먹을 수 있습니다. 소고기를 넣어 끓인 맛이 나고 미역도 많이 들어 있어 좋습니다."
5116408,정갈한 소고기 무국,negative,6,제품을 받은 후에 문제가 발견되었습니다.
5116408,정갈한 소고기 무국,positive,92,"이 제품은 가족 모두가 사용할 수 있는 적절한 양의 제품이며, 간단하게 끓일 수 있어 편리하고, 냄새도 없으며 신선한 재료를 사용한 것과 같은 맛이 나며, 할인 시 마트보다 저렴하게 구매할 수 있어 가성비도 좋고, 맛과 가격 모두 만족합니다."
5116411,달래 된장찌개,negative,24,이 제품은 맛이 좋지 않으며 관리가 잘 안되어 벌레가 들어가 있습니다. 달래의 향이 적절하지도 않고 건더기도 부실해 기대와 다릅니다.
5116411,달래 된장찌개,positive,66,"이 제품은 맛이 깔끔하고 달콤한 향이 좋다는 사람들이 많이 칭찬하는 제품입니다. 하지만 양이 조금 적다는 일부 의견이 있지만, 두부나 버섯을 넣으면 더 맛있게 먹을 수 있다는 팁이 있어요. 또한 신선한 재료로 만든 제품으로 많은 사람들이 만족하는 제품입니다."
5119423,시래기 된장국,negative,16,"이 제품은 포장이 제대로 안되어 국물이 흘러나고 물건이 엉창이 나는 문제가 있고, 유통기한이 지났는데도 맛이 나쁜 제품을 받는 경우가 많습니다."
5119423,시래기 된장국,positive,80,"이 제품은 맛이 좋고, 간이 적당하며 시래기가 부드럽게 많아서 만족스럽다는 평이 많아요."
5119471,들깨 미역국,negative,10,제품은 냉동 상태에서 문제가 발생하여 불편함을 겪었습니다.
5119471,들깨 미역국,positive,88,이 제품은 가격이 저렴하고 맛이 좋으며 가족 모두가 먹을 수 있는 양이 충분한 편리한 제품입니다.
5119615,금돼지식당 김치찌개,negative,24,"이 제품은 가격에 비해 만족스럽지 않으며, 내용물이 부실하고 맛이 별로다는 문제가 있습니다. 배송할 때 종이 박스를 사용하는 것이 불편하고, 고기 양이 적고 두부가 조각난 것이 하나도 없다는 문제가 있습니다. 이마트에서 비슷한 제품이 저렴한 가격에 판매되고 있기 때문에 가성비가 좋지 않다는 의견이 있습니다."
5119615,금돼지식당 김치찌개,positive,68,"이 제품은 가격대비 좋은 가치가 있고, 다양한 토핑이 있어 맛있으며, 집에서 쉽게 끓여 먹을 수 있어 편리하며, 양도 충분하여 가족 모두에게 적합한 제품입니다."
5123141,옛날 한우 육개장 500g,negative,14,"냉동 국 탕을 구입한 후 남편이 저녁으로 먹었는데 배탈이 나서 다시 사지 말라는 피드백을 받았습니다. 제품을 먹기 전부터 기분이 나빠졌으며, 함께 구입한 다른 냉장 식품은 모두 녹아 있었고 강제로 먹어치웠습니다. 제품의 맛은 얼큰하지 않았으며, 고기는 많이 들어있지 않았습니다."
5123141,옛날 한우 육개장 500g,positive,80,"이 제품은 맛이 깔끔하고, 한우로 이루어져 있어 건강한 느낌을 주며, 다양한 재료를 첨가하여 맛을 더할 수 있어 좋습니다."
5125749,차돌 된장찌개 460g,negative,12,"이 제품은 간편하게 먹기 좋은 점이 있지만, 아이스박스에 담을 때 찟기와 가루가 날라서 불편하고, 물을 더 넣어야 하며 맛이 강하다는 문제가 있습니다."
5125749,차돌 된장찌개 460g,positive,86,"이 제품은 간편하고 맛있으며, 두부를 넣으면 양이 풍부해집니다. 청양고추를 넣으면 더 맛이 좋고, 짠맛이 있어서 물을 넣으면 데우기만 하면 먹기 편합니다. 다양한 재료를 넣으면 양도 많고 맛도 좋습니다."
5125750,소고기무국 500g,negative,6,이 제품은 맛이 짜서 불만족스럽다는 의견이 있습니다.
5125750,소고기무국 500g,positive,86,이 제품은 맛있는 국으로 유명하고 가족 모두에게 적합한 편리한 제품입니다.
5128143,육개장,negative,44,"이 제품은 기름이 많고 내용물이 부실하여 기대와는 거리가 먼 제품입니다. 기름이 범벅인 상태로 냄비를 닦는다고도 힘들며, 냄새가 역하고 맛도 좋지 않습니다. 플라스틱 이물질이 들어 있는 문제가 있어 불만족스러운 제품입니다."
5128143,육개장,positive,48,"이 제품은 양이 많고 편리하고 맛이 좋으며, 부모님도 만족스럽게 먹어주었습니다."
5128947,프리미엄 전통육개장,negative,42,"이 제품은 기름기가 많고 부실한 것으로 보입니다. 내용물이 거의 없고 파만 들어가 있어 실망스럽고, 건더기도 적고 포장지가 약해 찢어져 왔습니다. 또한 고기가 들어가지 않은 육개장을 처음 봤으며, 건더기 국물도 만족스럽지 않습니다."
5128947,프리미엄 전통육개장,positive,50,"이 제품은 편리하고 맛있는 육개장입니다. 양이 많고 맛있으며, 간편하게 먹을 수 있습니다. 대파가 많지만, 이화수는 맛있고, 신랑이 해장용으로 항상 구비해 놨습니다. 저렴하지만 고급진 맛이 있으며, 후기가 좋아서 사 봤지만 고기가 거의 없다는 의견이 있습니다. 냉동실 비상템으로 추천하고, 재구매 의사가 있습니다."
5131413,맑은 나주식곰탕,negative,48,"이 제품은 냉동 보관 상태에서 시큼한 맛이 나는 문제가 있습니다. 냉동 보관 상태에서 시큼한 맛이 나는 이유는 여러 가지가 있을 수 있지만, 냄비에 끓여 먹었을 때 냄비에 있는 물과 냉동 보관 상태에서 냉동된 음식의 물이 섞이면서 시큼한 맛이 나는 경우가 있습니다."
5131413,맑은 나주식곰탕,positive,50,"이 제품은 가격 대비 가성비가 좋고 맛있으며, 가족 모두가 즐길 수 있는 양이 풍부합니다."
5131921,맑은곰탕,negative,20,고객들은 제품의 포장 문제와 위생 상태에 대해 불만을 표명했습니다. 일부 고객들은 제품을 받은 후 국물이 흘러나왔고 다른 고객들은 맛과 질에 대해 불만을 표명했습니다.
5131921,맑은곰탕,positive,78,"이 제품은 가격대비 맛과 양이 좋고, 가족 모두에게 적합한 제품입니다."
5132102,프리미엄 어묵탕 360g (시원한 맛),negative,15,"이 제품은 문제가 많아 만족스럽지 않습니다. 비닐에 묶은 후 문제가 발생하여 모든 것이 미끌거리고, 국물이 없이 오뎅만 들어 있습니다. 다른 제품의 어묵탕을 먹다가 이 제품을 먹게 되면 좋지 않다는 의견이 있습니다."
5132102,프리미엄 어묵탕 360g (시원한 맛),positive,78,"고래 사 어묵은 맛있고 편리한 제품입니다. 두툼하고 쫄깃한 식감이 좋고, 국물 맛도 퀄리티가 좋습니다. 간단하게 먹기 좋은 양이며, 시원하고 맛있게 먹을 수 있습니다."
5132102,프리미엄 어묵탕 360g (얼큰한 맛),negative,22,"이 제품은 맛이 짜서 재구매가 이루어지지 않으며, 국물이 칼칼하고 어묵 함량이 높아 쫄깃한 느낌을 줄 수 있습니다."
5132102,프리미엄 어묵탕 360g (얼큰한 맛),positive,74,"이 제품은 맛이 좋고, 다양한 모양의 어묵이 있으며, 칼로리가 낮아 밤에 먹기 적합합니다."
5132868,부산깡통시장 유부주머니,negative,18,"이 제품은 맛이 괜찮지만 유부 주머니의 몇 가지 문제가 있습니다. 유부 주머니가 겉 포장 없이 오는 경우가 있었고, 냉동 후에 상온으로 해동하면 찝찝한 느낌이 들었습니다."
5132868,부산깡통시장 유부주머니,positive,72,"이 제품은 가격에 비해 좋은 가성비와 맛이 많아 평이 좋고, 집에서 간편하게 끓여 먹을 수 있어 편리하고 가족 모두에게 적합하지만 유통기한이 짧다는 단점이 있어요."
5133142,미역국 500g,negative,4,이 제품은 맛이 없을 때 후루룩을 달아주는 용으로 사용할 수 있지만 유통기한이 짧다는 단점이 있습니다.
5133142,미역국 500g,positive,96,"이 제품은 맛있는 미역국으로, 특히 추운 날씨에 뜨끈한 국물로 식사하기 좋습니다. 양이 많고 저렴한 가격에 구매할 수 있습니다. 가족 모두에게 적합하며, 미역국 끓이기 귀찮을 때 비비고 미역국은 최고입니다."
5133142,소고기 장터국 500g,negative,29,이 제품은 유통 기한이 짧고 맛이 인위적입니다.
5133142,소고기 장터국 500g,positive,71,"이 제품은 간편하고 맛이 나쁘지 않으며, 귀찮을 때 먹기 좋은 밀키트입니다. 남편과 한 끼 식사로 주문했으며, 비비고와 비슷한 맛을 즐길 수 있어 세일 때마다 쟁여두는 것이 좋습니다."
5133142,육개장 500g,negative,6,"배송은 새벽 3시 48분에 도착하여 잠을 설치고, 냉동식품이 녹을까 봐 걱정되었다는 불만을 제기했습니다. 또한, 냉동식품이 드라이아이스 한 개만 보내졌고, 매일 냉동식품이 해동되는 문제가 있었습니다."
5133142,육개장 500g,positive,81,이 제품은 맛이 좋고 편리하며 가족 모두에게 적합한 비비고 육개장 베이스 제품입니다.
5133941,삼계탕 900g,negative,30,"이 제품은 가격이 비싼 편이고, 양도 적고 맛도 좋지 않습니다. 국물이 적은 것 같아 광고가 과대인 것 같고, 냄비에 직접 데우는 기능이 없어서 불편합니다. 기름이 많아 국물 맛이 느끼하고 뼈가 많아 먹기 불편합니다."
5133941,삼계탕 900g,positive,64,"이 제품은 가격대에 비해 맛과 양이 만족스럽고 편리합니다. 냄비에 끓여 먹을 수 있어 편리하고, 양도 푸짐하여 가족 모두에게 적합합니다."
5134147,한돈 갈비 김치찌개,negative,42,"이 제품은 냄새 문제가 많아 불만족스럽습니다. 냄새가 심하고 국물이 부족하여 맛이 떨어집니다. 또한, 배송 중에 구멍이 나거나 국물이 없는 문제가 있습니다. 고기 냄새가 강하고 고기가 두껍고 느끼한 맛이 있어 불만족스럽습니다."
5134147,한돈 갈비 김치찌개,positive,46,"이 제품은 냉동 제품으로 냉장해 동을 해 주면 조리할 수 있습니다. 조리 방법에 따라 간편하고 맛있으며, 냄새가 나지 않고 칼칼합니다."
5136026,영양삼계탕,negative,28,"이 제품은 가격이 비싼 편이고, 양도 적고 뼈가 많아 불만이 많으며 맛은 평범하지만 뼈가 부서져서 씹기가 불편하고 비린내가 심합니다."
5136026,영양삼계탕,positive,58,"이 제품은 가격 대비 가성비가 좋고, 국물이 진해서 맛있다. 비상용으로 적합하며, 초복 시 주문량이 적당하고 맛이 좋고 가격이 착하다."
5144534,미소 된장국 (5개입),negative,14,이 제품은 냄새가 나고 맛이 이상하다는 의견이 많아요. 건조한 블럭 국을 사서 여행용으로 구매했지만 재구매 의사가 없다는 의견이 있습니다.
5144534,미소 된장국 (5개입),positive,82,"이 제품은 가격대에 비해 만족스러운 제품으로, 토핑도 풍부해 맛이 좋으며, 집에서 간편하게 끓여 먹을 수 있어 편리하고, 양도 푸짐하여 가족 모두에게 적합합니다."
5144535,사골 미역국 (5개입),negative,14,"이 제품은 간편하고 맛있지만 몇 가지 문제점이 있습니다. 첫째, 실온 보관용 제품을 냉장으로 보내는 것이 불편합니다. 둘째, 상자가 젖어집니다. 셋째, 고기 냄새가 강하고 비린내가 나며, 덱스트린이 들어 있는 것이 걱정됩니다."
5144535,사골 미역국 (5개입),positive,76,"이 제품은 맛이 괜찮고, 편리하며, 유통기한이 넉넉한 국입니다."
5148360,딱한끼 어묵탕 매운맛,negative,17,"유통기한이 짧은 제품을 받은 고객이 불만을 토로한 내용은 제품의 유통기한이 짧고, 배송 시 아이스팩이 녹아 손상되었고, 배송 시간이 공지된 시간과 다르며, 제품을 다시 냉동해도 되는지 확인이 필요하다는 것입니다."
5148360,딱한끼 어묵탕 매운맛,positive,83,"이 제품은 다양한 종류의 어묵이 들어가 있어 맛있게 먹을 수 있고, 양도 충분합니다. 또한, 간단하게 끓여 먹을 수 있어 편리하고, 푸짐하며 배송도 빠릅니다."
5148360,딱한끼 어묵탕 순한맛,negative,12,"이 제품은 다른 어묵탕보다 맛이 떨어지는 것 같으며, 사용 방법이 설명되지 않았고, 적절한 양의 물을 부어야 끓일 수 있었던 어묵탕입니다."
5148360,딱한끼 어묵탕 순한맛,positive,88,"이 제품은 가격에 비해 비싼 편이지만 맛이 좋고, 집에서 간단하게 끓여 먹을 수 있어 편리합니다."
5152911,소고기 미역국 700g,negative,8,이 제품은 비린내가 나고 맛이 부족하여 간을 더해 먹어야 합니다.
5152911,소고기 미역국 700g,positive,90,"소고기와 미역의 적절한 비율로 한 끼 식사 국으로 적합하며, 건강한 원재료로 간이 강하지 않아 가족 모두에게 적합합니다."
5152913,근대 된장국 700g,negative,4,이 제품은 맛은 있지만 문제가 있습니다. 플라스틱 비닐 조각이 발견되고 육수 맛이 부족합니다.
5152913,근대 된장국 700g,positive,92,"이 제품은 맛과 양이 풍부한 국입니다. 냉동으로 미리 준비하면 급할 때 먹기 좋고 담백하고 깔끔한 맛이 좋습니다. 자연에 찬 제품은 신선한 재료처럼 느껴지는 맛이 좋고, 가족 모두에게 적합한 양이 풍부한 제품입니다."
5152914,시래기 된장국 700g,negative,8,"이 제품은 만족스럽지 않은 결과를 보였습니다. 제품의 맛과 양에 대한 불만이 있었으며, 일부 고객은 맛이 이상하거나 너무 싱겁다고 말했습니다. 또한, 일부 고객은 제품을 받은 후 용기가 깨져서 왔습니다."
5152914,시래기 된장국 700g,positive,82,"이 제품은 맛있는 한 끼 식사 국으로 좋으며, 간이 적절하고 맛있으며 양이 많습니다."
5156992,얼큰 닭개장,negative,14,"이 제품은 가격이 비싼데도 만족스럽지 않으며, 유통기한이 짧고 맛이 짜서 불편한 점이 많습니다."
5156992,얼큰 닭개장,positive,76,이 제품은 맛있고 편리한 닭개장으로 가족 모두에게 적합한 제품입니다.
5159353,전통 육개장(900g),negative,24,"이 제품은 맛이 좋지만, 약한 포장지로 인해 국물이 새거나 찢어지는 문제가 있고, 이물질이 발견되어 정확한 결과를 얻을 수 없었습니다."
5159353,전통 육개장(900g),positive,70,"이 제품은 가격이 저렴하고 맛도 좋으며, 토핑도 풍부하다는 좋은 평이 많아요."
5159794,김치 콩비지찌개,negative,30,"이 제품은 가격이 비싼 편이고 맛이 별로며, 건더기가 없고 매콤한 맛도 없다는 의견이 많습니다."
5159794,김치 콩비지찌개,positive,66,"이 제품은 맛있고 편리한 콩비지찌개로, 자극적이지 않으며 맛있게 먹을 수 있습니다. 비지가 부드럽고 냄새가 나지 않으며, 냉동실에 쟁여두면 한 끼 먹기 좋습니다."
5159795,콩비지탕,negative,14,이 제품은 맛이 없고 질겨서 불만족스럽다는 의견이 많습니다. 간이 적당한 편이지만 가격이 비싸고 냄새가 나고 식감이 불편합니다.
5159795,콩비지탕,positive,78,"이 제품은 담백하고 맛있는 콩비지 탕으로, 건강한 음식으로 기대됩니다. 

이 제품은 순수하고 담백한 맛으로 경상도 사람으로부터 호평을 받았습니다. 또한, 고소한 맛을 더하기 위해 깨를 넣을 수 있습니다. 

이 제품은 따뜻하고 든든한 맛으로 기분도 좋고, 건강한 음식으로 죄책감도 덜합니다."
1000015143,무항생제 요리용 사골곰국,negative,24,냉동 상품을 해동한 후 끓일 때 냄새가 나서 사용할 수 없게 된다는 불만이 많습니다.
1000015143,무항생제 요리용 사골곰국,positive,74,"이 제품은 가성비가 좋고, 다양한 요리에서 베이스로 사용할 수 있어서 편리합니다."
1000017002,소갈비탕,negative,32,"이 제품은 기대한 것과는 달리 기만당한 느낌을 주며, 갈비의 양이 적고 질기며 국물이 약간 들차게 느껴집니다. 또한, 국물에 노란 기름이 많아 개운함이 덜하며, 뼈에 붙은 고기에도 노란 기름이 붙어 있어 깨끗히 손질되지 않은 것처럼 보입니다. 기존에 먹던 다른 브랜드 갈비탕에 비해 국물이 진하지도 않고 짜기만 한다는 점이 불만입니다."
1000017002,소갈비탕,positive,60,이 제품은 맛있는 갈비탕입니다. 고기는 맛있게 잘 먹을 수 있고 국물이 깔끔합니다.
1000023234,한우 소고기 미역국,negative,12,"이 제품은 기대에 못 미치는 맛을 제공하고 있습니다. 옛날에는 맛이 더 좋았지만, 최근에는 미역이 부드럽지 않아 맛이 떨어졌다는 의견이 있습니다."
1000023234,한우 소고기 미역국,positive,86,"이 제품은 가격 대비 가성비가 좋은 편이고, 토핑이 풍부해 맛이 좋다는 평이 많아요. 집에서 간편하게 끓일 수 있어서 편리하고, 양도 충분해 가족 모두에게 적합한 제품이에요."
1000023236,한우 우리콩 비지찌개,negative,18,"이 제품은 맛이 있지만 비지가 적고 묽어서 비지국이 부족하다는 의견이 많으며, 양도 적고 고기가 부족하여 별로라고 생각하는 고객이 많습니다. 또한, 한우 덩어기가 없고 김치만 신맛이 나며, 콩 맛이 없다는 의견도 있습니다. 또한, 냉장고에 45일 보관해도 맛이 가서 제대로 맛을 못 본다는 의견이 있습니다."
1000023236,한우 우리콩 비지찌개,positive,82,"이 제품은 가족 모두에게 적합한 비지찌개입니다. 맛은 좋고 양도 푸짐합니다. 냉동 상태로 배송되었고 국물이 새는 일이 없었습니다. 맛은 자극적이지 않고 부드럽고, 두부를 넣어도 맛있을 것 같아요. 한 끼씩 먹을 수 있습니다. 비지찌개를 좋아하는 분들은 필수로 담아야 할 제품입니다."
1000023238,한우탕,negative,10,"이 제품은 기존과 다른 맛을 느끼는 분들이 많으며, 제품의 품질이 떨어지고 당면이 빠져 국물이 시큼하다는 문제점이 있습니다. 또한, 제품의 패키지가 구멍이 나서 국물이 새어 나가는 경우가 있어, 제품을 만드는 과정에서 더 신경을 써야 한다는 의견이 있습니다."
1000023238,한우탕,positive,86,이 제품은 맛이 깔끔하고 건더기도 푸짐하여 자주 구매하는 제품입니다. 맛있고 양도 넉넉한 한우 탕입니다.
1000040783,강릉식 짬뽕순두부 찌개,negative,20,이 제품은 가격대비 비싼 편이며 재료가 부족하고 인공 조미료가 강하다는 의견이 많습니다. 기름이 많고 오징어의 양이 적다는 불만이 있습니다.
1000040783,강릉식 짬뽕순두부 찌개,positive,80,"이 제품은 가격대에 비해 가성비가 좋고 맛있다는 평이 많아요. 집에서 간편하게 끓여 먹을 수 있고 양도 푸짐해서 가족 모두에게 적합합니다. 다만, 유통기한이 짧다는 단점이 있어요."
1000043975,맑은 소고기 해장국 650g,negative,2,제품은 더 매운맛이 강하다는 점을 참고해 주시길 바랍니다.
1000043975,맑은 소고기 해장국 650g,positive,94,이 제품은 맛있는 국입니다. 맛과 편리성이 뛰어나며 가족 모두가 즐길 수 있습니다.
1000043977,수제 굴림만둣국 700g,negative,8,"이 제품은 맛이 독특하고, 건강한 성분으로 이루어져 있지만, 국물이 새어 나고 짠맛이 강한 단점이 있습니다. 또한, 높은 나트륨 함량이 불만족스럽게 느껴질 수 있습니다."
1000043977,수제 굴림만둣국 700g,positive,90,"이 제품은 가성비가 좋고 맛있다는 평이 많습니다. 집에서 간편하게 끓여 먹을 수 있고, 양이 푸짐하여 가족 모두에게 적합합니다."
1000047929,김치 우동 어묵 전골 (리뉴얼),negative,20,"이 제품은 맛이 부족하고, 기름기가 많으며, 김치 맛이 강한 단점이 있고, 국물 맛이 아쉬운 의견이 있습니다."
1000047929,김치 우동 어묵 전골 (리뉴얼),positive,74,"이 제품은 맛과 양이 양호하여 가족 모두에게 적합합니다. 국물은 얼큰하고 맵지 않으며, 어묵은 쫄깃하고 맛있으며 재료가 다양하고 가격도 적절하여 가성비가 좋습니다. 또한, 캠핑이나 집에서 간편하게 끓일 수 있어 편리합니다."
1000047947,간편한 청국장찌개,negative,10,"이 제품은 냄새가 심하고, 가족들로부터 인기가 적으며, 이전 제품보다 맛이 떨어진다는 문제점이 있습니다."
1000047947,간편한 청국장찌개,positive,90,이 제품은 맛있는 청국장 찌개를 제공하며 고객들의 평이 좋습니다.
1000047949,김치 수제비 칼국수,negative,22,이 제품의 맛은 기대와 달라 불만족스럽습니다. 담백한 육수 맛을 좋아하는 편인데도 고춧가루와 조미료의 맛이 느껴져서 질린다는 의견이 있습니다. 가성비도 나쁘지 않지만 재구매 의사는 없다고 합니다.
1000047949,김치 수제비 칼국수,positive,72,"이 제품은 가격에 비해 맛과 양이 좋고, 간단한 조리 방법으로도 맛있는 국물이 나오며 가족 모두에게 적합한 제품입니다."
1000047951,옹심이 들깨 수제비(2인분),negative,16,제품의 불만 사항으로는 벌레가 나와 옹심이 양과 야채 양이 적다는 점이 있습니다.
1000047951,옹심이 들깨 수제비(2인분),positive,80,"옹심이와 들깨가 맛있고 양이 푸짐한 제품입니다. 가족 모두에게 적합하고, 야채를 넣지 않아도 맛이 나고 양이 넉넉합니다. 겨울에는 냉동실에 넣어두고 먹을 수 있어요."
1000047975,톡톡 터지는 알탕,negative,12,"이 제품은 맛이 괜찮지만, 비린 맛이 나고 식감이 별로며 야채가 녹아 덩어리가 지고 국물이 비어버리는 문제가 있습니다. 또한, 가격 대비 퀄리티가 낮다는 의견이 많으며 재구매 의사가 없다는 평이 있습니다."
1000047975,톡톡 터지는 알탕,positive,76,"이 제품은 가격대에 비해 만족스럽고 맛있으며, 토핑도 풍부하다는 평이 많아요. 집에서 간편하게 끓일 수 있어서 편리하고 양도 충분해 가족 모두에게 적합해요."
1000048446,한알만능육수 야채와 디포리 (3.7g x 22개입),negative,15,이 제품은 유통 기한 문제와 소금 양 불분명 문제가 있습니다.
1000048446,한알만능육수 야채와 디포리 (3.7g x 22개입),positive,85,이 제품은 편리하고 맛있는 제품으로 많은 사람들의 호평을 받고 있습니다. 제품을 사용하면 국물 요리가 편하고 맛있으며 다양한 요리에 사용할 수 있습니다. 사용하기도 간단하고 편리합니다.
1000048446,한알만능육수 해물과 청양고추 (3.7g x 22개입),negative,9,제품의 맛에 대한 불만을 표현한 리뷰가 있습니다.
1000048446,한알만능육수 해물과 청양고추 (3.7g x 22개입),positive,82,이 제품은 편리하고 맛있는 코인 육수입니다. 다양한 종류로 선택할 수 있어요. 맛을 먼저 맛보면서 성분을 읽어 보는 것이 좋습니다. 주식 콩나물 해장국과 비슷한 국수를 끓일 수 있습니다. 편리하고 맛있어요.
1000052923,한우 나주식 곰탕 600g,negative,28,이 제품은 기대에 못 미치는 맛과 고기 부족의 문제가 많습니다.
1000052923,한우 나주식 곰탕 600g,positive,68,"이 제품은 맛있고 편리한 곰탕이며, 가족 모두에게 적합한 맛과 편의성을 제공합니다."
1000071851,한우국수전골,negative,20,"고객님은 이 제품을 세일 때만 구매하고, 남편은 다시 사지 말라고 합니다. 또한, 국수는 맛있지만 고기는 질겨요."
1000071851,한우국수전골,positive,76,이 제품은 맛과 적절한 양으로 가족 모두가 만족스럽게 먹을 수 있습니다.
1000071857,양지설렁탕 (냉동),negative,8,"이 제품은 기대와 달리 국물 맛이 좋지 않으며, 첨가물의 냄새가 강하고 양도 적고 미운 맛이 강하다는 불만이 있습니다."
1000071857,양지설렁탕 (냉동),positive,88,이 제품은 맛있고 양도 풍부하여 가족 모두에게 적합합니다. 특히 설렁탕이 맛나고 냄새가 거의 없으며 신선한 재료로 만들어져 있습니다.
1000071859,양지곰탕 (냉동),negative,12,"이 제품은 맛이 별로고, 내용물도 부실하고 고기가 질겨서 불만족스럽다는 의견이 많습니다."
1000071859,양지곰탕 (냉동),positive,86,이 제품은 가격이 저렴하고 맛이 좋으며 양도 풍부한 편입니다. 간편하게 끓여 먹을 수 있어 편리하고 고기가 풍부하며 국물이 깔끔하다는 장점이 있습니다. 신선한 재료를 사용하여 맛이 좋고 냄새가 거의 없다는 의견도 있습니다. 또한 냉동 보관이 가능하여 오래 먹을 수 있다는 장점이 있습니다.
1000085958,가자미 미역국,negative,8,이 제품은 실제 재료와 이름이 달라서 불만이 많고 가자미의 크기가 작아 불만이 있습니다. 대기업이 제품 이름을 사용하는 이유에 대해 불만이 있고 냉동 제품을 구매하는 것을 꺼립니다.
1000085958,가자미 미역국,positive,92,이 제품은 맛있고 양도 풍부한 편리한 제품입니다.
1000085968,등뼈 우거지 감자탕 900gX2개입,negative,79,"이 제품은 맛이 별로며 냄새가 심하고, 고기가 질겨서 뼈가 많고 우거지가 문제가되고 플라스틱 파편이 들어가 있어 불만족스럽습니다."
1000085968,등뼈 우거지 감자탕 900gX2개입,positive,16,이 제품은 맛과 양이 만족스럽고 편리하지만 냄새가 나거나 시래기가 약간 아삭하지 않아 아쉬운 점이 있습니다.
1000085968,뼈해장국 900gX2개입,negative,100,"이 제품은 냄새가 심하고 맛이 없다는 의견이 많습니다. 끓일 때부터 집안에 냄새가 퍼지며, 고기보다 시래기가 더 심하다는 리뷰가 많습니다. 일부 고객은 한 입 먹고 버렸고, 맛이 없고 먹을 수 없는 뼈 해장국이라고 표현했습니다."
1000088626,우거지 갈비탕,negative,58,"컬리에서 주문한 제품이 오지 않거나 잘못된 제품이 배송되는 경우가 많아 불편함을 느끼고 있습니다. 또한, 주문하지 않은 제품이 배송되는 경우가 있어 불편함을 느끼고, 제품 관리가 잘못되어 벌레가 나와 먹을 수 없는 제품이 있다는 문제가 있습니다."
1000088626,우거지 갈비탕,positive,40,"이 제품은 우거지와 국물이 담백하고 맛있는 맛을 제공합니다. 평소 짜게 먹는 편이라면 오히려 맛있게 느껴질 수 있지만, 자극적인 국물을 원하시다면 싱거울 수 있으니 참고해 주세요."
1000088935,을지로 포차 골뱅이탕 KIT,negative,22,"이 제품의 문제점으로는 양이 적고, 비린 맛이 강한 냄새가 나며, 냉동 처리로 인해 질기고 맛이 떨어지는 점, 소라가 상해 맛이 나쁘게되는 점이 있습니다."
1000088935,을지로 포차 골뱅이탕 KIT,positive,76,"이 제품은 가격에 비해 만족스럽습니다. 집에서 간편하게 끓일 수 있어 편리하고, 푸짐하여 가족 모두에게 적합합니다. 다만, 유통기한이 짧다는 의견이 있습니다."
1000106177,고기 설렁탕,negative,30,"고기는 종이 뭉치처럼 두껍고 뻣뻣해 버렸습니다. 다른 설렁탕보다 맛이 덜하고 고기 냄새가 나서 소금을 많이 넣어야 합니다. 냉장고에서 해동하면 이런 식으로 되는데, 이럴 줄 알았으면 해동하지 않았을 것입니다. 가위로도 잘 자르지 못하고 냄새가 나며, 고기 질이 좋지 않습니다. 가성비도 좋지 않으며, 국물 맛이 조미료 맛이 많습니다."
1000106177,고기 설렁탕,positive,64,"이 제품은 맛있고 편리한 설렁탕으로, 고객들은 맛있는 국물과 고기를 좋아합니다."
1000128433,갈비탕 730g,negative,36,"이 제품은 문제가 많습니다. 몇몇 고객은 기름이 많아서 먹을 수 없다고 하며, 다른 고객은 제품이 부서져서 불만을 표명했습니다."
1000128433,갈비탕 730g,positive,62,"이 제품은 가격대에 비해 맛과 양이 만족스럽습니다. 고기는 부드럽고 맛있으며, 국물은 깔끔하고 맑습니다."
1000128435,육개장 730g,negative,32,이 제품은 맛은 괜찮지만 고기 건더기가 부족하고 국물이 끓어지지 않아 풋한 맛과 기름이 많아 불만이 많습니다.
1000128435,육개장 730g,positive,60,"이 제품은 가격이 합리적이고, 맛이 좋으며 양도 많아 가족 모두가 만족할만한 제품입니다."
1000128834,김치 돈까스 나베,negative,6,"이 제품은 국물이 자작해버리고, 이상한 신맛과 김치 냄새가 나서 많은 사람들이 실망스럽게 생각합니다."
1000128834,김치 돈까스 나베,positive,92,"이 제품은 가격대에 비해 가성비가 좋고 맛있다는 평이 많아요. 집에서 간편하게 끓여 먹을 수 있어 편리하고 양도 푸짐해서 가족 모두에게 적합해요. 다만, 유통기한이 짧다는 단점이 있어요."
1000128842,일산 털레기 수제비,negative,12,이 제품은 양이 적고 질감이 딱딱하다는 점과 국물이 짠다는 불만이 많습니다.
1000128842,일산 털레기 수제비,positive,82,이 제품은 가격대비 가성비가 좋고 맛이 풍부하다는 평이 많아요. 집에서 간편하게 끓여 먹을 수 있어 편리하고 푸짐해서 가족 모두에게 적합해요. 다만 유통기한이 짧아서 버리는 경우가 있다는 의견이 있어요.
1000128848,남포동식 얼큰 돼지국밥 800g,negative,18,이 제품은 맛과 고기 식감이 좋지 않지만 냄새가 나지 않는다는 장점이 있습니다.
1000128848,남포동식 얼큰 돼지국밥 800g,positive,82,"이 제품은 가격대에 비해 좋은 가성비와 풍부한 토핑으로 맛있다는 평이 많으며, 편리하고 푸짐해서 가족 모두에게 적합하지만 유통기한이 짧다는 의견이 있습니다."
1000128850,맑은 설렁탕,negative,2,이 제품은 유통기한이 짧아 얼어버리는 문제가 있습니다.
1000128850,맑은 설렁탕,positive,98,"이 제품은 맛있고, 푸짐하고, 국물이 깔끔하고 담백하다는 평이 많아요. 특히나 쌀쌀한 기온에 뜨끈뜨끈한 국물에 밥 말아 먹으니 좋습니다. 냉동 상태로도 신선하고 맛있으며 냄새도 없어서 신선한 재료가 사용된 것 같아요. 간도 적당히 잡혀 있어 따로 간을 할 필요 없이 잘 먹을 수 있고 양도 푸짐해서 가족 모두에게 적합합니다."
1000134480,비지찌개 700g,negative,6,이 제품은 맛이 부족하고 비가 적다는 불만이 많습니다.
1000134480,비지찌개 700g,positive,92,"이 제품은 도톰한 고기를 제공하고, 씹어 먹기 좋으며, 싱겁게 드신 분들에게도 맛있을 것 같습니다. 또한, 시판 제품보다 조미료 맛이 적고, 고기에서 잡내가 나는 것 같아 고기만 빼고 먹을 수 있습니다. 비지찌개의 맛을 높이기 위해 고춧가루를 더 넣으면 좋습니다. 또한, 냉동 보관을 통해 편리하게 자연에 찬 국을 여러 개 먹을 수 있습니다. 비지찌개의 맛은 고소하고 건강한 맛이며, 자주 찾게 됩니다."
1000134482,건새우 아우국 700g,negative,24,"이 제품은 맛이 좋지 않았으며, 포장이 깨져서 왔습니다. 또한, 냉동 보관 시 문제가 발생할 수 있으며, 맛이 밍밍하고 질겨서 많은 사람들이 불만족했습니다. 또한, 건새우의 냄새가 나고 쿰쿰한 냄새가 나는 된장의 문제점이 지적되었습니다."
1000134482,건새우 아우국 700g,positive,70,"이 제품은 맛있고 양이 풍부한 반찬으로 많은 분들로부터 좋은 평가를 받고 있습니다. 간이 적당하고 냄새가 적으며 신선한 재료를 사용해 만들어진 느낌이 있습니다. 또한, 냉동으로 보관할 수 있어 편리하고 비닐 포장이 아닌 용기 포장으로 데우기도 편하고 보관도 좋습니다."
1000134525,황태해장국 700g,negative,28,"이 제품은 부실한 내용과 비싼 가격, 비린내가 심한 문제점, 포장의 상태가 엉망, 퀄리티가 떨어지는 문제점, 불만족스러운 맛이 있습니다."
1000134525,황태해장국 700g,positive,66,"이 제품은 맛이 깔끔하고 시원하며 한 끼로 든든하게 먹을 수 있어요. 간이 적당히 들어가 있어 자극적이지 않으면서도 맛있고, 두부를 추가하면 더 맛있게 먹을 수 있습니다. 배송은 빠르고 포장도 완벽하며, 냉동 보관이 가능해서 언제든 먹을 수 있어 좋아요."
1000136406,한우 냉이 된장찌개,negative,12,이 제품은 냉이와 비슷한 이물질이 들어있고 맛이 짠다는 문제가 있고 믿을 수 없는 제조 방법이 있다는 불만이 있습니다.
1000136406,한우 냉이 된장찌개,positive,80,"이 제품은 맛과 양념이 좋고 편리하며 가족 모두에게 적합한 냉이 된장국입니다. 냉이 향과 두부의 부드러움으로 맛이 돋아나며, 양수면 옥 꺼는 보통의 냉이 된장국보다 구수하고 진한 맛이 좋습니다."
1000146369,빨간꼬치어묵&부산물떡,negative,18,이 제품은 매우 달아서 먹기 어려울 정도로 매운맛이 강하다는 의견이 많습니다. 특히 국물 빼고 어묵만 먹어도 매우 매워서 버린다는 의견이 있습니다. 다른 브랜드의 제품이 훨씬 맛있는 의견도 있습니다.
1000146369,빨간꼬치어묵&부산물떡,positive,82,"이 제품은 가격대에 비해 좋은 가성비를 가지고 맛이 좋고, 집에서 간편하게 먹을 수 있어서 좋지만 유통기한이 짧다는 단점이 있습니다."
1000157414,한우 양해장국,negative,40,이 제품은 냄새가 심하고 맛이 부족한 문제점이 많습니다. 신선도 확인되지 않은 재료로 인해 냄새가 심하고 양과 건더기가 부족해 맛이 부족한 것으로 보입니다.
1000157414,한우 양해장국,positive,54,"이 제품은 가격이 저렴하고 맛도 좋으며 가족 모두가 먹을 수 있는 양이 풍부한 편리한 제품입니다. 다만, 유통기한이 짧다는 단점이 있습니다."
1000165798,본갈비탕 (냉동),negative,26,"이 제품은 기름이 많고 냄새가 심한 문제가 많아 아쉬운 고객들의 의견이 많습니다. 특히 냄새에 민감한 고객들은 기분이 나쁘게 느끼신다며, 고기 양이 적다는 의견이 많습니다."
1000165798,본갈비탕 (냉동),positive,72,이 제품은 가격에 비해 맛이 좋고 양도 많아서 가족 모두가 즐길 수 있습니다.
1000165885,한옥집 김치찜 500g,negative,46,"고기 맛이 별로고, 냄새가 심하고 질기다는 불만이 많습니다."
1000165885,한옥집 김치찜 500g,positive,46,"이 제품은 가격이 저렴하고 맛이 좋으며, 집에서 간단하게 조리할 수 있어 편리합니다. 김치는 맛있고 양도 풍부하고, 고기는 질기지만 다양한 방법으로 맛있게 먹을 수 있습니다. 특히, 김치 찜은 국물이 적지만 간단하고 맛있으며, 입맛이 없을 때 최고의 선택입니다. 고객님들은 빠른 배송과 맛에 만족해했습니다."
1000166176,갈비탕,positive,100,"이 제품은 가격 대비 가성비가 좋고, 토핑도 풍부해서 맛있다는 평이 많아요. 집에서 간편하게 끓여 먹을 수 있어서 편리하고, 양도 푸짐해서 가족 모두에게 적합해요. 다만, 유통기한이 짧아서 버리는 경우가 있다는 의견도 있어요."
1000166234,인삼품은 꼬리곰탕,negative,14,"이 제품은 기름이 많고 맛이 떨어지는 문제가 많습니다. 기름을 많이 빼내야 먹을 수 있었고, 고기는 삶아서 식감이 없었습니다. 국물이 짠 편이라 물을 넣어 끓여야했고, 고기는 좋지 않았습니다. 기름이 많아 기대는 됐지만 맛이 떨어져 재구매는 없을 것 같다는 의견이 있습니다."
1000166234,인삼품은 꼬리곰탕,positive,80,"이 제품은 가격이 저렴하고 맛이 좋으며, 집에서 쉽게 끓여 먹을 수 있어 편리하고 양도 많아서 가족 모두에게 적합한 제품입니다."
1000175407,멸치 육수 300g 4개입,positive,100,"가온의 멸치 육수는 편리하고 저렴한 제품으로, 냉동 보관이 가능합니다. 멸치 육수는 깊은 맛과 감칠맛을 내며, 묵사발, 계란찜, 잔치국수, 된장찌개 등 다양한 메뉴에 사용할 수 있습니다."
1000175407,백합 육수 300g 4개입,positive,100,"이 제품은 가격이 착하고 맛이 좋으며, 가족 모두가 먹을 수 있는 양이 많아 편리합니다. 다만, 유통기한이 짧다는 단점이 있습니다."
1000175407,양지 육수 300g 4개입,positive,100,"가온 양지 육수는 맛이 좋고, 가격도 착하고 편리해서 가족 모두에게 적합한 제품입니다."
1000176459,고깃집 갈비살 된장찌개,negative,18,"이 제품은 기대와 달리 맛과 양이 부족하여 불만족스러운 경험이 많았습니다. 조미료 맛이 나는 것 같아 먹기 꺼려졌고, 국물이 맛이 없다는 의견이 많았습니다. 또한, 냉동 상태에서 제품의 상태를 확인할 수 없다는 문제가 있었고, 제품의 이름과 달리 보이는 경우와 고기가 적게 들어가 있다는 불만이 있었습니다."
1000176459,고깃집 갈비살 된장찌개,positive,80,"이 제품은 맛과 양이 적당한 편인 것으로 보입니다. 갈비 살이 부드럽고 두부, 애호박, 표고버섯이 들어 있어 푸짐한 느낌을 주며, 담백하고 칼칼한 된장 국물이 맛있습니다. 고기는 큼지막하고 비린 냄새가 없으며, 진한 육수 맛과 고기가 들어 있습니다."
1000198908,우거지 감자탕,negative,32,이 제품은 국물이 맛있지만 고기가 살이 너무 퍽퍽하고 뼈가 많아 마음 놓고 먹기가 힘든 점이 있습니다.
1000198908,우거지 감자탕,positive,60,이 제품은 가격이 저렴하고 양도 많으며 맛이 좋아서 가족 모두에게 적합합니다.
1000202745,갈빗살 미역국,negative,6,"고객님은 이 제품을 사용한 후에 불만 사항과 문제점을 다음과 같이 제기했습니다.

1.  기름기가 많아 고기가 없다는 점
2.  개인적인 입맛에 따라 맛이 별로였습니다.
3.  봉지가 터져서 문제가 생겼습니다."
1000202745,갈빗살 미역국,positive,92,"이 제품은 가격에 비해 좋은 가성비가 있고 맛도 좋다는 평이 많으며, 집에서 간편하게 끓일 수 있어 편리하고 가족 모두가 먹을 수 있을 만큼 양도 충분합니다. 다만, 유통기한이 짧다는 단점이 있습니다."
1000205921,삼계탕 800g,negative,24,이 제품은 가격이 비싼 편이고 양도 적으며 맛이 좋지 않습니다.
1000205921,삼계탕 800g,positive,74,"이 제품은 크기가 작지만 맛있고 푸짐한 삼계탕입니다. 국물이 진하고 넉넉하여 보양식으로 좋으며, 냉장고 보관이 필요 없으며 가성비도 좋습니다."
1000218239,순두부 된장찌개,negative,14,"이 제품은 맛이 짜다는 의견이 많고, 양념을 넣는 양이 적다는 의견이 있어요."
1000218239,순두부 된장찌개,positive,86,이 제품은 맛이 좋고 편리한 밀키트로 집에서 간편하게 끓여 먹을 수 있어 많은 사랑을 받고 있습니다. 제품의 양이 적다는 의견이 있지만 야채와 두부를 더 넣으면 맛이 더 좋습니다.
1000218241,김치 순두부찌개,negative,12,"이 제품은 몇 가지 문제점을 가지고 있습니다. 첫째, 양이 적다는 문제가 있고, 사용자들은 300ml로 끓였을 때 물을 다시 넣어야 한다는 점을 지적했습니다. 둘째, 양이 적다는 점과 함께 제품의 양을 늘려야 한다는 의견이 있습니다. 셋째, 제품의 포장이 문제가 있는데, 사용자들은 김치 포장이 열려 있거나 터져서 문제가 된다는 점을 지적했습니다."
1000218241,김치 순두부찌개,positive,84,"이 제품은 맛있는 김치찌개와 순두부를 조합한 제품으로, 양도 푸짐하고 맛있다는 평이 많아요."
1000220124,대파 닭개장,negative,14,"이 제품은 냉동식품이며 1년 전인 2023년 11월에 제조된 것으로 보입니다. 국물이 많아 대파 육개장으로 착각한 분들이 많았습니다. 맛은 국물 맛이 적당히 얼큰하지만, 닭고기는 가늘게 몇 개 안 들어 있고 건더기가 적은 편입니다. 비주얼은 맛있게 생겼지만 가성비가 별로고, 간이 짜서 물을 추가로 부어 먹게 됩니다. 할인하는 이유는 유통 기한이 얼마 남지 않았기 때문입니다."
1000220124,대파 닭개장,positive,74,이 제품은 가격대비 가성비가 좋고 맛있다는 평이 많아요. 집에서 간편하게 끓여 먹을 수 있어 편리하고 양도 푸짐해서 가족 모두에게 적합해요.
1000231896,본 뼈없는 갈비탕,negative,10,"이 제품은 기대에 못 미치는 국물 맛과 양, 야채의 부족, 기름기가 많은 고기 부스러기, 양과 비싼 가격에 대한 불만이 있습니다."
1000231896,본 뼈없는 갈비탕,positive,88,이 제품은 뼈가 없고 고기가 부드럽고 국물이 깔끔하고 맛이 좋은 것으로 알려져 있습니다. 끓이는 것이 간편하고 양도 충분하여 가족 모두에게 적합합니다.
1000231898,본 남도식 추어탕,negative,8,제품의 맛이 너무 진하고 고소해서 좋지 않다고 생각하며 재구매의 의사가 없다는 리뷰가 있습니다.
1000231898,본 남도식 추어탕,positive,90,"이 제품은 가격에 비해 좋은 가치가 있어 맛있고, 집에서 쉽게 끓여 먹을 수 있어서 좋고, 양도 충분해서 가족 모두에게 적합합니다."
1000235788,왕푸징 마라탕,negative,34,"이 제품의 맛과 양에 대한 문제점이 많습니다. 건더기가 너무 짜서 먹기 어렵고, 마라 향이 강하여 불편합니다. 양이 적고 야채가 부족하여 비어있는 느낌이 들며, 기존의 마라탕과 맛이 다릅니다."
1000235788,왕푸징 마라탕,positive,62,"이 제품은 가격이 저렴하고 맛이 좋고, 집에서 간편하게 끓일 수 있어서 좋지만 유통기한이 짧다는 단점이 있어요."
1000237244,황태 곰탕,negative,6,"이 제품은 문제가 있어 보입니다. 기계가 이상을 일으키며, 국물이 빠져나오고, 콩나물 두부를 끓이면 비린 맛이 나고 가시가 많습니다."
1000237244,황태 곰탕,positive,94,이 제품은 가격이 저렴하고 맛도 좋으며 가족 모두가 먹을 수 있는 양이 풍부하다는 평이 많습니다.
1000237311,나주식 한우 곰탕,negative,10,"이 제품은 국물이 좋고 맛이 좋지만, 고기가 적다는 의견이 있으며, 배송이 늦어져서 녹아버리는 문제가 발생하는 등 불만이 있습니다."
1000237311,나주식 한우 곰탕,positive,88,이 제품은 맛이 깔끔하고 양이 푸짐한 곰탕입니다. 국물이 넉넉하고 고기는 적당한 양이고 간이 강하지 않아 밥과 함께 잘 어울립니다.
1000239335,영양갈비탕,negative,8,"이 제품은 뼈가 많고 고기가 적다는 의견이 많으며, 냄비에 끓여보니 뼈가 붙지 않았고 인삼 냄새가 강한데도 실망스럽다는 의견이 있습니다."
1000239335,영양갈비탕,positive,84,이 제품은 맛있고 푸짐한 갈비탕입니다. 맛있고 양이 풍부한 제품입니다.
1000239338,사골육개장,negative,14,이 제품은 양이 충분하지만 기름이 많고 국물이 진한데 불만이 많습니다. 플라스틱 용기도 깨져서 왔습니다.
1000239338,사골육개장,positive,86,"이 제품은 맛이 좋고, 사골 맛이 진하고 양이 많아 가족 모두에게 적합합니다. 하지만 유통기한이 짧다는 단점이 있습니다."
1000239341,참이맛감자탕,negative,22,"이 제품은 냄새가 강하고 맛이 평범하지만 부족한 편입니다. 작은 뼈 조각이 많아 치아를 조심해야 하며, 고기가 부족하고 국물이 넉넉합니다."
1000239341,참이맛감자탕,positive,76,"이 제품은 맛이 좋고, 고기와 국물이 풍부한 맛을 제공합니다. 또한, 냉동식품으로도 맛이 좋고, 신선한 재료로 만든 것처럼 느껴집니다. 고기는 부드럽고 잡내가 없으며, 우거지가 충분히 들어 있습니다. 국물은 깔끔하고 맛있으며, 양이 푸짐합니다. 가격대도 합리적이고 가성비도 좋습니다."
1000260405,스팸부대찌개 (냉동),negative,8,"이 제품은 양이 적고, 질이 떨어지는 스팸과 소시지로 아쉬운 점이 많습니다."
1000260405,스팸부대찌개 (냉동),positive,88,이 제품은 가격에 비해 만족스러운 제품입니다. 집에서 간편하게 끓여 먹을 수 있어 편리하고 양도 푸짐하여 가족 모두에게 적합합니다.
1000260407,순살감자탕 (냉동),negative,22,이 제품은 냉동 식품을 배송할 때 문제가 발생하는 것으로 보입니다. 제품이 녹아버리는 문제와 불량한 포장이 문제를 일으키는 것으로 보입니다.
1000260407,순살감자탕 (냉동),positive,68,이 제품은 가격대에 비해 맛과 양이 만족스럽고 편리한 냉동 제품으로 평이 좋습니다. 신선한 재료로 만들어져 있어 신선함을 느낄 수 있습니다. 가족 모두에게 적합한 양과 맛을 가지고 있습니다.
1000260409,양지육개장 (냉동),negative,18,"이 제품은 불만족한 평가가 많으며, 내용물이 줄어든다는 의견과 국물이 묻어 먹기 싫다는 문제점이 있습니다. 또한, 맛은 좋지만 조미료 맛이 강한 것 같다는 의견이 있습니다."
1000260409,양지육개장 (냉동),positive,74,이 제품은 맛이 좋고 양도 넉넉하고 간편하게 먹을 수 있어 가족 모두에게 적합합니다. 특히 국물이 사골 국물 맛이 나고 고기도 푸짐하여 한 끼 간단히 먹기 좋습니다.
1000260414,고기순대국 (냉동),negative,22,"이 제품은 가격에 비해 만족스럽지 않으며, 야채가 적고 건더기가 부족합니다. 또한, 냉동 제품보다 질이 떨어지고 국물이 많고 고기는 비계가 많아 별로입니다."
1000260414,고기순대국 (냉동),positive,74,"이 제품은 다양한 종류의 맛있는 냉동 국물로, 편리하고 푸짐해서 가족 모두에게 적합해요."
1000262049,재첩국,negative,14,"이 제품에 대한 고객들의 불만은 조개 알의 적은 양, 국물만 있는 문제, 배송 지연, 입맛에 맞지 않음, 비싼 가격, 비린내가 나다는 점입니다."
1000262049,재첩국,positive,80,"이 제품은 맛있는 재첩국으로, 부추를 넣으면 더 맛있게 먹을 수 있습니다. 재첩이 많고 깔끔하여 한 끼 해결하기 좋으며, 가끔씩 구매하는 고객들이 많습니다."
1000263556,뼈없는 갈비탕,negative,12,"이 제품은 매우 불만족스러운 제품입니다. 국물이 미원하고 맛이 없으며, 불편하고 맛이 없다는 의견이 많습니다."
1000263556,뼈없는 갈비탕,positive,78,"이 제품은 뼈가 없어서 먹기 편하고, 고기가 푸짐하고 부드러워서 좋다는 평이 많아요. 국물의 간도 딱 좋고, 쟁겨 놓고 먹기 좋습니다. 또한, 무가 들어가서 소고기 뭇 국 같은 느낌이 나고, 구수하고 짜지 않으며 뼈 없어서 편하게 먹을 수 있어요."
1000272180,갈비탕 1kg,negative,12,"이 제품은 유통기한이 짧고, 품질이 좋지 않으며, 가격이 저렴한데다 맛이 좋지 않습니다."
1000272180,갈비탕 1kg,positive,80,"이 제품은 가격대비 가성비가 좋으며 맛있다는 평이 많습니다. 집에서 간편하게 끓일 수 있어 편리하고, 양도 충분해서 가족 모두에게 적합합니다."
1000285076,전주식 해장 콩나물국밥,negative,28,이 제품은 오징어와 콩나물이 신선하지 못하여 냄새가 심하고 맛도 떨어집니다.
1000285076,전주식 해장 콩나물국밥,positive,70,"이 제품은 가격이 저렴하고 맛이 좋으며, 토핑도 풍부하여 가족 모두에게 적합합니다. 하지만 오징어 양이 조금 부족한 의견이 있어요."
1000306218,얼큰 대파 갈비탕,negative,42,"이 제품은 맛이 부족하고, 양이 적고 뼈가 크다는 비판이 많으며, 국물 맛도 평범하고, 대파가 많지만 갈비가 적게 들어 있어서 양이 애매하다는 의견이 있습니다. 처음 출시했을 때는 맛있었지만 이후에는 맛이 떨어지는 문제가 있습니다."
1000306218,얼큰 대파 갈비탕,positive,50,"이 제품은 가격대에 비해 가성비가 좋으며 토핑이 풍부하여 맛있다는 평이 많습니다. 국물은 깔끔하고 시원하며 대파가 많아 좋습니다. 고기는 뼈가 큰 갈빗대 3개가 들어가 있어 뼈는 큰데 고기는 작은데 붙어 있습니다. 국물 양은 많지만 고기가 적은 점이 아쉽지만, 뼈 끝에서 잔뼈가 떨어져서 조심해야 합니다. 얼큰 갈비탕보다 오리지널이 훨씬 맛있다고 생각합니다. 대파가 많지만 부드럽게 느껴져 괜찮습니다."
1000313489,양지살 곱창육개장,negative,14,"이 제품은 비싼 가격과 내용물이 적다는 의견이 있어요. 또한, 맛있었음에도 불구하고 냄새가 나고 국물만 많아서 재구매 의사가 없다는 의견이 있습니다."
1000313489,양지살 곱창육개장,positive,82,"이 제품은 맛이 좋고 양이 충분하며, 간편하게 끓여 먹을 수 있습니다. 또한, 12인용으로 적당한 양이며, 혼자 먹기에도 적절합니다. 맵지 않아 부드럽고, 부재료를 더 넣을 수 있어 더 맛있게 먹을 수 있습니다."
1000315306,시래기 된장국,negative,8,이 제품은 간편하고 맛이 좋지만 냄새가 거슬리고 양이 적다는 점이 불편하다는 의견이 있습니다.
1000315306,시래기 된장국,positive,88,"이 국은 편리한 국입니다. 시래기는 건강하고 맛있으며, 양이 넉넉하여 가족 모두에게 적합합니다. 워킹맘도 퇴근하고 요리할 시간이 없을 때도 적합합니다."
1000323319,The미식 돼지고기김치찌개 350g* 2개입,negative,30,"장영란 씨는 유튜브에서 소개해주신 제품을 주문해 보았습니다. 하지만 기대했던 것보다 양이 적고 맛이 별로 نبود고, 비슷한 제품들과 비슷한 느낌이 들었습니다. 라이브 방송 시 저렴하게 주문하는 것이 좋았던 것 같았지만, 요즘 광고가 너무 많아 재구매는 안 할 것 같다고 느꼈습니다. 제품도 굉장히 기름집니다."
1000323319,The미식 돼지고기김치찌개 350g* 2개입,positive,70,"이 제품은 맛있고 양이 적당하며, 편리합니다. 

고기와 씹는 맛이 있는 두부로 맛있다는 평이 많으며, 냄새가 약한 사람들은 고기 냄새가 부담스럽게 느껴질 수 있지만 맛있는 만큼 양이 적습니다."
1000323319,The미식 등심부대찌개 350g* 2개입,negative,17,장영란 씨는 유튜브에서 기대했던 맛이 실망스럽고 비싼 가격에 대한 불만을 느꼈습니다.
1000323319,The미식 등심부대찌개 350g* 2개입,positive,83,"이 제품은 맛이 좋고, 양도 적당한 1인분으로 적합합니다. 재료는 일반적인 부대찌개와 다르며, 맛도 훌륭합니다."
1000323319,The미식 차돌된장찌개 350g* 2개입,negative,13,장영란 씨는 유튜브에서 건더기가 많고 맛있다는 점을 기대했지만 실제로 맛있지는 않았습니다. 그녀는 45 천 원대 제품들과 비슷한 가격에 주문했지만 돈 아깝다는 생각이 들었습니다.
1000323319,The미식 차돌된장찌개 350g* 2개입,positive,87,"이 제품은 가격이 저렴하고 맛있으며, 집에서 간편하게 끓여 먹을 수 있습니다. 가족 모두에게 적합하지만 유통기한이 짧다는 단점이 있습니다."
1000323323,The미식 양지육개장 350g * 2개입,negative,6,제품의 맛에 대한 불만을 표현한 리뷰입니다.
1000323323,The미식 양지육개장 350g * 2개입,positive,88,이 제품은 맛있고 양도 많습니다. 건더기가 많고 싱거운 맛을 좋아하는 사람들에게 적합합니다.
1000323323,The미식 한우미역국 350g * 2개입,positive,100,이 제품은 기대 이상으로 좋으며 와이프 생일에 끓여 줄만큼 맛있다고 말하는 고객들의 평이 많아요. 미역국 맛을 알고 있는 것과 비슷한 맛과 한우 미역국 고기가 크게 들어가 있어 만족스럽다고 하네요. 간이 살짝 짜다면 물을 넣어 끓여도 좋을 것 같고 휴대하기에도 편리하다는 의견이 많아요.
1000323323,The미식 한우사태곰탕 400g * 2개입,negative,5,이 제품은 냉동 후에도 맛있는 편입니다.
1000323323,The미식 한우사태곰탕 400g * 2개입,positive,95,"이 제품은 냉동식품으로 배송이 잘되어 편리하고, 한 패키지에 두 개의 1인분씩 나눠져 있습니다. 끓일 때 간을 맞출 수 있어 좋고, 국물이 깔끔하고 맛있으며, 고기가 부드럽고 양이 적당합니다."
1000325147,떡곰탕,negative,16,"고객님은 이 제품의 양과 고기 질이 만족스럽지 않으며, 가성비가 좋지 않다고 생각합니다."
1000325147,떡곰탕,positive,74,"이 제품은 맛있고 편리한 제품으로 소비자들의 찬사를 받고 있습니다. 소비자들은 이 제품의 맛, 국물의 진함, 떡의 쫄깃함, 추운 계절에 적합함, 간편함, 양의 풍부함, 국물의 깊이 등이 좋다고 평가하고 있습니다."
1000331934,베트남 쌀국수 Pho 4인분,negative,20,이 제품은 국물 맛이 좋은데도 불편한 점과 식감이 떨어지는 문제가 있습니다.
1000331934,베트남 쌀국수 Pho 4인분,positive,72,"이 제품은 가격이 저렴하고 맛있으며, 토핑도 풍부하여 가족 모두에게 적합합니다."
1000340229,사골곰탕 500g*18개입,negative,12,"상품 이미지와 실제 상품이 달라서 불만족하고, 2박스에 넣어주면 문 열기가 힘들며, 비어 있는 봉지가 포함되어 왔습니다."
1000340229,사골곰탕 500g*18개입,positive,88,이 제품은 다양한 요리에 넣기 좋은 사골 곰탕입니다. 편리하고 맛있는 국물로 사용할 수 있어 가족 모두에게 적합합니다.
1000341457,맑은 순대국,negative,2,이 제품은 냄새가 심하고 양이 적다는 문제가 많습니다.
1000341457,맑은 순대국,positive,98,"이 제품은 가격대에 비해 만족스러운 제품으로, 토핑이 풍부하여 맛있다고 평이 많아요. 집에서 간편하게 끓여 먹을 수 있어 편리하고 양도 푸짐하여 가족 모두에게 적합해요."
1000347300,사골 떡 만둣국 (2인분),negative,2,이 제품은 물을 넣을 때 너무 짜서 불만족한 의견이 많습니다.
1000347300,사골 떡 만둣국 (2인분),positive,96,"이 제품은 가격대비 가성비가 좋고 맛있다는 평이 많아요. 집에서 간편하게 끓여 먹을 수 있어 편리하고 푸짐해서 가족 모두에게 적합합니다. 다만, 유통기한이 짧아 버리는 경우가 있다는 의견도 있어요."
1000351391,킬바사 부대찌개,negative,16,이 제품은 기대와 다르게 감동적이지 않고 야채가 적은 것에 대해 불만이 많으며 국물도 적절하지 않습니다.
1000351391,킬바사 부대찌개,positive,84,"이 제품은 가격대에 비해 좋은 가성비를 가지고 맛이 좋고 토핑도 풍부한 제품입니다. 집에서 간단하게 끓여 먹을 수 있어서 편리하고, 푸짐해서 가족 모두에게 적합한 제품입니다."
1000356831,얼큰곤이알탕 400g,negative,14,이 제품은 맛이 별로고 양도 적다는 느낌입니다.
1000356831,얼큰곤이알탕 400g,positive,78,이 제품은 양이 많고 간단해서 좋으며 한 끼 식사로 매우 적합합니다. 간단하게 먹기 좋은 알 탕입니다. 간편하게 데우기만 하면 되서 편하고 맛있어요.
1000356920,담백하고 깔끔한 평양식 만둣국,negative,16,"소비자는 제품을 구매한 후 만족스럽지 않은 경험을 나누었습니다. 제품의 크기와 가격에 대한 불만을 제기했으며, 평양 만두를 기대했지만 실제로 받은 만두의 크기가 작고 가성비가 떨어진다는 의견을 전달했습니다."
1000356920,담백하고 깔끔한 평양식 만둣국,positive,82,"이 제품은 가격대에 비해 좋은 가치가 있어, 토핑이 풍부하고 맛있다는 평이 많아요. 집에서 간단하게 끓여 먹을 수 있어서 편리하고, 양도 많아 가족 모두에게 적합해요. 다만, 유통기한이 짧아 버리는 경우가 있다는 의견도 있어요."
1000367308,소곱창전골 1kg,negative,20,이 제품은 냄새가 심하고 양이 적다는 문제가 많습니다.
1000367308,소곱창전골 1kg,positive,80,이 제품은 가격에 비해 맛과 편리함이 뛰어나고 가족 모두에게 적합한 제품입니다.
1000370851,왕갈비탕 1KG,negative,14,이 제품은 기름이 많고 맛이 좋지만 조미료 맛이 강하고 비싸다는 의견이 있습니다.
1000370851,왕갈비탕 1KG,positive,82,이 제품은 가격대에 비해 맛있고 양도 많으며 가족 모두에게 적합한 편리한 제품입니다.
1000378706,사골곰탕 500g*10개입,negative,6,"제품의 양이 적고, 한 개씩 판매된 경우가 많아 만족스럽지 않다고 생각합니다."
1000378706,사골곰탕 500g*10개입,positive,92,이 제품은 가격대에 비해 맛이 좋고 다양한 국물 요리에 활용할 수 있어 편리하고 든든한 제품입니다.
1000381876,본토 마라탕 (순한맛),negative,7,"이 제품은 맛있지만 양이 적고, 냉동 후 끓여서 맛이 떨어지는 문제가 있고, 매운맛이 부족합니다."
1000381876,본토 마라탕 (순한맛),positive,86,"이 제품은 맛있는 마라탕으로 초딩 아들이 좋아하는 맛을 제공합니다. 제품은 순한 맛을 제공하고, 맛이 비슷한 맛을 느낄 수 있습니다. 제품은 냉동보다 냉장판으로 먹는 것이 더 맛있으며, 양이 적당하고, 재료가 다양하게 들어 있습니다."
1000381876,본토 마라탕 (진한맛),negative,14,"이 제품은 기대에 못 미치는 품질과 고기 기름이 많은 단점이 있고, 재료의 익혀지는 정도가 제각각인 것이 불만입니다."
1000381876,본토 마라탕 (진한맛),positive,86,"이 제품은 맛있는 마라탕으로, 고기가 크고 부드럽게 들어가 있어 만족스럽습니다. 매운 맛을 좋아하는 사람들은 진한 맛을 선택할 수 있고, 집에서 간편하게 끓일 수 있어 편리합니다. 제품의 양이 푸짐하고 냄새가 거의 없으며 신선한 재료로 만들어졌다는 의견이 많습니다."
1000382034,짜글이찌개,negative,22,"이 제품은 간이 짧고 맛이 심심하다는 의견이 많으며, 물을 더 넣으면 좋을 것 같다는 팁이 있어요. 감자나 두부를 추가하면 맛이 더 좋아질 것 같아요. 하지만 국물이 진득해서 밥이나 우동과 함께 먹기에는 적합하지 않다는 의견이 있어요."
1000382034,짜글이찌개,positive,72,이 제품은 맛이 좋고 양이 적당하며 재료가 큼직하다는 평이 많습니다. 감자는 포슬포슬하고 고기도 매콤해서 맛있다는 의견이 많습니다.
1000382036,다래순나물,negative,20,다래 순은 질기고 맛이 썩쿰하고 간이 쎄다는 평이 많습니다.
1000382036,다래순나물,positive,74,"이 제품은 맛과 식감이 좋으며, 고소하고 풍미가 살아 있습니다. 특히나물 좋아하는 사람들에게 강력 추천합니다."
1000408450,한우 소고기 미역국,negative,4,"이 제품은 치킨너겟이 맛있지만, 미역국이 만족스럽지 않으며 양이 적다는 의견이 있습니다."
1000408450,한우 소고기 미역국,positive,92,"이 제품은 아기들이 좋아하는 국을 제공하고, 간단히 데워서 먹을 수 있어 편리합니다."
1000408452,한우 소고기 뭇국,negative,6,"이 리뷰는 양과 재료의 상태가 불만족스럽고, 특히 한우 뭇 국은 아이가 잘 먹지 않는다는 문제가 있습니다."
1000408452,한우 소고기 뭇국,positive,90,"이 제품은 가격대에 비해 가성비가 좋고, 아이가 잘 먹는다는 평이 많습니다. 간단하게 데워 먹을 수 있고, 가족 모두에게 적합합니다. 특히 여행 가서 먹일 때 좋고, 냉동 냉장 제품을 피할 때 좋은 선택입니다."
1000408456,한우 배추 된장국,negative,14,"이 제품에 대한 불만 사항으로는 가격이 비싸다는 것과 내용물이 부실하다는 점, 건더기가 적다는 평, 저염으로 인해 맛이 부족하다는 의견, 향이 거슬리는 문제, 너무 싱겁다는 점이 있습니다."
1000408456,한우 배추 된장국,positive,78,"푸디버디는 아이들에게 인기 있는 제품으로, 간단하고 맛있으며 아이가 좋아하는 반찬으로 적합합니다. 푸디버디는 크기가 적절하고 간단히 데워서 먹을 수 있어 편리합니다. 푸디버디는 양이 적지만 아이가 잘 먹을 수 있기 때문에 적합합니다. 푸디버디는 아이가 좋아하는 국과 탕도 있습니다. 푸디버디는 간이 약하고 맛이 좋으며 아이가 잘 먹을 수 있기 때문에 적합합니다. 푸디버디는 여행이나 외출 시에 아이 밥을 챙겨 주기에도 좋습니다."
1000408458,한우 사골곰탕,negative,6,"이 제품은 양이 적고, 아기에게 주려고 샀는데 잘 먹지 않는다는 문제가 있습니다."
1000408458,한우 사골곰탕,positive,86,"이 제품은 아이 건강식을 구입한 많은 고객들이 잘 먹이기를 기대하고 있습니다. 제품은 간편하고 맛있으며, 아기용 작은 용량으로 국물 베이스로 사용할 수 있어 편리합니다. 미네랄 보충에 도움이 되며, 양이 적당하고 맛있어 아이가 잘 먹습니다. 비상용으로 구비해 두는 고객도 많으며, 아기 국 베이스로 사용하기에 적합한 제품입니다."
1000411501,송이버섯 들깨탕,negative,26,"이 제품은 맛이 괜찮지만 양이 적다는 의견이 많으며 버섯 양이 적어 싱거운 맛을 느끼는 의견이 있고, 향이 좋지 않아 기대와 달라서 애매하다는 의견이 있어요."
1000411501,송이버섯 들깨탕,positive,70,"이 제품은 맛이 진하고 좋으며, 특히 버섯 향이 진하고 국물이 쫙쫙하다는 평이 많아요. 한 끼 분량으로 적당하고 보관하기도 편리하고, 건강에 좋으며 맛있고 고소한 맛이 특징이에요."
1000423818,고기듬뿍 돼지국밥,negative,14,"고객은 제품의 맛은 괜찮지만, 고기 스탬프가 들어 있는 부분이 식욕을 떨어뜨려서 잘라 먹었고 간이 짜서 불만을 제기했습니다."
1000423818,고기듬뿍 돼지국밥,positive,82,"이 제품은 가격대에 비해 고기 양이 많고, 국물이 깔끔하고 담백하다는 평이 많아요. 또한, 쫀득하고 부드러운 맛과 짭짤하고 진한 맛, 냉동 보관이 가능한 장점이 있습니다."
1000431396,순두부찌개,negative,4,이 제품은 맛이 약하다는 평이 많으며 풀무원 순두부찌개와 비슷한 맛을 가지고 있지만 조금 더 건더기가 들어있다는 의견이 있어요.
1000431396,순두부찌개,positive,92,"이 제품은 가격이 저렴하고, 맛이 좋고 양도 많은 편리한 제품입니다."
1000431398,우차돌짬뽕탕,negative,8,이 제품은 국물 맛이 좋지만 기름기가 많고 건더기가 적다는 단점이 있습니다.
1000431398,우차돌짬뽕탕,positive,88,"이 제품은 국물이 진하고 맛있는 짬뽕 탕과 비슷한 맛을 가지고 있습니다. 내용물이 넉넉하고 한 끼로 먹기 좋으며, 매운 맛을 좋아하는 분들은 고춧가루나 캡사이신을 추가하면 좋을 것 같습니다. 간식이나 술안주로도 적합하며, 재구매 의사가 많은 제품입니다."
1000431400,한우 미역국,negative,10,고기는 정체 모를 선명한 빨간 줄이 있고 냄새가 나며 크리미한 냥반으로 맛은 있지만 후추와 조미료 맛이 나요.
1000431400,한우 미역국,positive,90,이 제품은 맛있고 편리한 미역국을 집에서 쉽게 끓일 수 있어서 가족 모두에게 적합한 제품입니다.
1000431402,한우 육개장,negative,8,"이 제품은 냉동 후 국물이 줄줄 흐르는 것을 발견하고, 봉지의 손상으로 인해 화가 나고, 내용물이 부실하고 맛이 식을수록 떨어지는 문제가 많습니다."
1000431402,한우 육개장,positive,78,이 제품은 가격대비 가성비가 좋고 맛있다. 집에서 간편하게 끓여 먹을 수 있어 편리하고 가족 모두에게 적합해요.
1000431404,우차돌마라탕,negative,12,"이 제품은 양과 재료가 부족하여 불만족스럽습니다. 특히 밀키트의 양이 적고, 재료가 부실해 보입니다. 포장 마라탕을 먹는 것이 더 나을 것 같다는 의견이 있습니다."
1000431404,우차돌마라탕,positive,86,"이 제품은 가격대에 비해 가성비가 좋고 맛도 풍부하여 많은 사람들이 좋게 생각하고 있습니다. 집에서 쉽게 끓여 먹을 수 있어 편리하고, 양도 충분하여 가족 모두에게 적합합니다. 그러나 유통기한이 짧다는 단점이 있습니다."
1000450530,우거지갈비탕 800g,negative,2,이 제품은 기름이 많고 질겨서 불만족스럽다는 문제가 있습니다.
1000450530,우거지갈비탕 800g,positive,92,"이 제품은 가격에 비해 맛있고 양도 풍부해서 좋다는 평이 많아요. 편리한 사용과 가족 모두에게 적합하지만, 유통기한이 짧다는 단점이 있어요."
1000498619,양곰탕,negative,4,배송 시 문제가 발생하여 사용하기에 적합하지 않은 제품입니다.
1000498619,양곰탕,positive,94,이 제품은 맛있고 푸짐한 양 곰탕입니다. 고기가 많고 국물이 진하고 담백하며 냄새가 나지 않습니다. 간단한 조리법으로 집에서 쉽게 끓여 먹을 수 있습니다. 가족 모두에게 적합하고 특히 양이 적은 분들에게는 2인분이 적당합니다. 가격도 합리적이며 냉동고에 쟁여두면 좋습니다.
1000498621,내장탕,negative,6,"이 제품은 맛이 별로며, 냄새가 조금 나고 잡내가 없다는 의견이 있습니다."
1000498621,내장탕,positive,90,"내장 탕은 다양한 부속 부위와 국내산 무청 시래기로 얼큰하고 진한 국물 맛을 제공합니다. 2인분으로 충분히 양이 있고, 냉동 후에도 간편하게 끓일 수 있습니다."
1000538774,녹두삼계탕 900g,negative,14,이 제품은 맛이 떨어지고 비싸다는 의견이 많아요.
1000538774,녹두삼계탕 900g,positive,84,"이 제품은 가격대비 가성비가 좋은 편리한 제품입니다. 맛이 깔끔하고 고기가 부드럽고 맛있으며, 국물이 맑고 진한 맛을 낸다는 평이 많습니다."
1000605720,짬뽕순두부찌개,negative,18,"이 제품은 맛이 좋지 않아 많은 사람들이 불만족을 표한바 있습니다. 또한, 야채가 상하거나 물이 생기는 문제가 있고, 국물이 너무 싱거워 재료를 맛있게 먹기 어렵다는 의견이 있습니다."
1000605720,짬뽕순두부찌개,positive,80,"이 제품은 맛있고 편리한 제품입니다. 순두부가 들어간 짬뽕 맛이 좋으며, 해물과 야채를 넣으면 간도 순해지고 반찬으로 먹기 좋습니다."
1000605738,듬뿍육개장,negative,14,"이 제품은 맛이 별로라서 불만이 많고, 파가 너무 많아 짜다는 의견이 많습니다."
1000605738,듬뿍육개장,positive,80,이 제품은 가격이 저렴하고 맛이 좋으며 가족 모두가 즐길 수 있는 양을 제공합니다. 또한 집에서 간편하게 끓여 먹을 수 있어 편리합니다. 하지만 유통기한이 짧다는 단점이 있습니다.
1000620989,토종닭 백숙 삼계탕,negative,16,"삼계탕의 불만 사항과 문제점은 다음과 같습니다.

1.  속이 안 들었고 해동이 안 된 것 같아요.
2.  국물의 맛이 약간 아쉬웠고 고기 육질이 질기지 않았어요.
3.  레토르트 삼계탕은 조리가 덜 된 채로 포장된 것 같은 느낌이 있어요.
4.  찹쌀이 흩어지면서 따로 나고 컬리 냉동 포장이 마음에 들지 않습니다."
1000620989,토종닭 백숙 삼계탕,positive,84,"이 제품은 토종닭으로 만든 삼계탕입니다. 토종닭은 다른 닭과 식감과 맛이 다르며, 국내산 재료로 만든 제품으로 맛과 건강에 좋은 점이 있습니다. 냉동 제품이기 때문에 냉장고에 넣고 끓여야 합니다."
1000659319,이북식 백순대국,negative,4,"이 제품은 기대보다 맛이 떨어지는 것 같아요. 밥을 먹기 싫어 만두를 넣어 먹었는데, 맛있게 먹을 만큼은 아니었지만 삼계탕과 비슷한 맛이 나서 괜찮았습니다."
1000659319,이북식 백순대국,positive,94,"이 제품은 가격대에 비해 가성비가 좋고 맛있다는 평이 많아요. 집에서 간편하게 끓여 먹을 수 있어서 편리하고 가족 모두에게 적합하지만, 유통기한이 짧다는 단점이 있어요."
