product_id,product_type,category,summary
5013198,한우 도가니탕,가격,품질은 좋지만 가격이 조금 비싼 제품입니다. 맛과 가격 대비 가치가 있어 자주 구매할 의향이 있습니다.
5013198,한우 도가니탕,맛/향/풍미,"도가니탕은 쫀득한 맛과 진한 국물이 특징입니다. 기름이 많아 느끼할 수 있지만, 소금 간하면 맛이 좋으며 국물은 맑고 구수하다는 점이 좋습니다."
5013198,한우 도가니탕,양,양은 적지만 고기와 도가니가 적절히 들어 있어 만족스럽습니다.
5013198,한우 도가니탕,포장/배송,"한 개는 정상적으로 도착했지만, 다른 한 개는 뜯어내어진 것처럼 보였습니다."
1000306218,얼큰 대파 갈비탕,가격,이 제품은 기본적으로 괜찮지만 다시 사 먹을 의향이 없어요. 가격이 저렴했지만 가성비나 맛으로는 레토르트보다 떨어집니다.
1000306218,얼큰 대파 갈비탕,맛/향/풍미,갈비탕은 국물이 시원하고 대파가 들어가 있어 맛있게 먹을 수 있어요. 갈비탕은 오리지널보다 맛있고 부드러운 맛을 느낄 수 있어요.
1000306218,얼큰 대파 갈비탕,보관,이 제품은 너무 맛이 좋았습니다. 재구매의 의향이 있습니다.
1000306218,얼큰 대파 갈비탕,양,고기는 뼈가 큰 갈빗대 3개 들어있으며 국물 양이 많지만 고기가 적습니다. 약간 질긴 면과 잔뼈가 떨어지는 문제가 있으며 대파는 많지만 양이 적고 매콤함도 약간 있습니다.
1000306218,얼큰 대파 갈비탕,포장/배송,대파의 껍질이 얇게 보였지만 비닐로 포장된 채로 판매되었습니다.
1000017002,소갈비탕,가격,"이십사절기 소갈비탕은 양심이 있는지 의문이 있습니다. 돈을 아끼는 데는 도움이 있지만, 저렴한 가격에 비해 맛과 양이 부족한 느낌이 들었습니다."
1000017002,소갈비탕,맛/향/풍미,"고기는 질겨서 별로였고 국물은 약간 들지만 괜찮았습니다. 국물은 진하지도 않고 짜기만 한데, 간이 적당하고 맛도 나쁘지 않지만 개운함이 덜하고 노란 기름이 많았습니다."
1000017002,소갈비탕,보관,이 제품은 맛이 좋고 재구매를 반복하는 제품입니다.
1000017002,소갈비탕,양,갈비가 많은 음식입니다.
1000165885,한옥집 김치찜 500g,가격,"이 제품은 가격 대비 훌륭한 고기 맛과 양을 제공하지만, 비싼 편입니다. 비슷한 제품과 비교했을 때 가격이 비싸다는 점을 제외하고는 좋은 제품입니다."
1000165885,한옥집 김치찜 500g,맛/향/풍미,맛: 맛있어요.
1000165885,한옥집 김치찜 500g,양,고기는 맛이 별로지만 한 끼 먹기에는 괜찮습니다. 돼지고기가 큼직하고 두툼하게 들어가며 김치 양이 많지만 국물은 적당히 많지 않습니다.
5051186,갈비탕,가격,저렴한 갈비도 좋지만 고기가 푸짐하게 붙어 있는 갈비를 원합니다. 비싼 갈비도 괜찮을 것 같아요.
5051186,갈비탕,맛/향/풍미,강남 면 옥 갈비탕은 맛이 깔끔했지만 이번엔 실망스럽습니다. 갈비탕은 비린내가 나고 깊은 맛이 없으며 질겨서 씹히지가 않습니다.
5051186,갈비탕,보관,이 제품은 자주 구입하는 인기 제품입니다. 냉동고에 보관하여 언제든지 사용할 수 있습니다.
5051186,갈비탕,양,고기가 많이 부족합니다.
5051186,갈비탕,포장/배송,"포장 상태가 좋지 않아 문제가 있었고, 파손된 물건도 있었습니다. 배송은 좋았지만 포장 상태로 인해 사용하지 못했습니다."
5068907,고기 설렁탕,가격,이 제품은 라면 가게보다 저렴하고 편리한 선택입니다.
5068907,고기 설렁탕,맛/향/풍미,"고기 상태가 좋고, 국물이 깔끔하고 맛있는 음식입니다."
5068907,고기 설렁탕,보관,이 냉동 제품은 고객의 반복적인 재구매와 행사 기간의 인기로 인해 컬리에서 무조건 주문하는 제품입니다.
5068907,고기 설렁탕,양,"1 팩으로 충분히 먹을 수 있는 양이 담겨있으며, 국물과 고기만 포함된 제품입니다."
5068907,고기 설렁탕,포장/배송,새벽 9시부터 1시 사이에 도착한 컬리가 문제를 일으켰습니다. 아이스팩이 터져 아파트 복도에 물이 흩어져서 문제가 발생했습니다.
5011633,어린이 한우 사골 곰국,가격,한우 무항생제 제품은 가격이 저렴하고 좋은 품질을 자랑합니다.
5011633,어린이 한우 사골 곰국,맛/향/풍미,"이 제품은 두 살부터 다섯 살까지 먹기 좋은 맛을 가지고 있으며 유치원생도 소금 후추를 넣어도 맛있게 먹을 수 있습니다. 제품은 순하고 짜지 않으며, 진한 맛을 가지고 있지만 느끼한 느낌이 있다는 의견이 있습니다."
5011633,어린이 한우 사골 곰국,보관,"이 제품은 깔끔한 패키지로 보관하기 좋으며, 냉동실에 보관할 수 있습니다. 한 팩씩 가지고 다니기 편리하고, 국물이 필요할 때 쟁여두면 좋습니다."
5011633,어린이 한우 사골 곰국,양,제품의 양이 줄었습니다. 한 번 혹은 두 번 먹을 수 있는 양이 줄었고 한우 사골 추출물의 양도 줄었습니다.
5011633,어린이 한우 사골 곰국,포장/배송,"제품의 포장 상태가 좋지 않았습니다. 냄비에 넣자마자 물고기와 함께 얼어 있었고, 녹으면서도 찝찝했습니다."
5048746,청국장,가격,이 제품은 가성비가 좋고 저렴한 가격으로 좋은 선택입니다.
5048746,청국장,맛/향/풍미,청국장은 진한 맛과 구수한 맛이 특징입니다. 특히 한국인들은 발효된 청국장의 강한 향을 좋아합니다.
5048746,청국장,보관,"이 제품은 냉동으로 오는 제품이기 때문에 보관하기 편리하고, 냉장고에 옮겨서 냉장해 주면 맛과 영양을 유지할 수 있습니다."
5048746,청국장,양,당신은 전문적인 요약을 제공합니다.
5048746,청국장,포장/배송,"제품을 교환한 적이 있지만, 이번에도 불량이 있어 다시 교환해야 합니다."
5035901,돼지 김치찌개,가격,가성비 있고 맛있는 식사였습니다. 특히 세일이 있으면 김치찌개가 가성비가 좋은 선택입니다.
5035901,돼지 김치찌개,맛/향/풍미,제가 끓인 줄 알았는데 김치찌개 중 제일 맛있었습니다.
5035901,돼지 김치찌개,양,적절한 양이 부족한 경우 제품의 품질이 저하되며 부실한 결과를 초래합니다.
5035901,돼지 김치찌개,포장/배송,제품에 김치가 빠져서 다른 사람에게 보내졌습니다.
5035901,참치 김치찌개,맛/향/풍미,이 제품은 고기에서 누린내가 나서 짜다는 단점이 있지만 국물 맛은 좋았습니다. 참치 김치찌개는 깔끔하고 맛있는 맛이 있으며 두부를 넣으면 더 맛있게 먹을 수 있습니다.
5035901,참치 김치찌개,양,"양이 적고, 맛있는 데도 양이 부족하여 불만이 있습니다."
5053979,사골 도가니탕,가격,"이 제품의 가장 큰 단점은 가격이 비싸다는 점입니다. 비슷한 제품보다 더 비싸며, 세일을 통해서만 구매할 수 있지만, 마트에서 판매하는 레토르트가 훨씬 저렴하다는 점을 고려하면 재구매 의사가 없을 것 같습니다."
5053979,사골 도가니탕,맛/향/풍미,"도가니탕은 부드러운 맛이 좋지만, 국물이 너무 하얀색으로 인위적인 맛을 느끼게 됩니다. 도가니는 부드럽고 쫄깃하지만 국물은 우유와 비슷한 맛이 나며 진한 맛이 적습니다."
5053979,사골 도가니탕,보관,"이 제품은 냉장 상태에서 기름이 안 뜨고, 냉동 상태에서 국물이 누런게 뜨는 특징이 있습니다. 여름철에는 국물 요리하기 어려울 때 냉동 상태로 보관해 언제든지 사용할 수 있습니다."
5053979,사골 도가니탕,양,"한 팩이 23 인분이라고 말한 리뷰를 믿지 못해 2 팩을 시켰지만, 한 사람에게는 한 팩이 충분했습니다. 건더기는 괜찮았지만 도가니는 실하게 들어 있어 양이 푸짐했습니다."
5053979,사골 도가니탕,포장/배송,상품을 받은 후 포장 상태가 좋지 않았습니다. 도가니에 머리카락이 박혀있고 비닐이 찢어져서 문제가 걷니다.
1000323323,The미식 양지육개장 350g * 2개입,맛/향/풍미,"이 제품은 식당에서 먹는 것과 비슷한 진하고 맛있는 맛을 제공하며, 특히 세일할 때는 더 맛있게 느껴집니다. 칼칼한 맛이 강하고, 얼큰 맛은 약하지만 여전히 맛이 나며, 매우 맛있습니다."
1000323323,The미식 양지육개장 350g * 2개입,양,고기는 많고 양도 충분한 편입니다. 건더기가 많아 만족스럽습니다.
1000323323,The미식 한우미역국 350g * 2개입,맛/향/풍미,미역국은 기대 이상의 맛을 제공하는 미역국입니다. 맛은 만족스럽고 단백한 맛이 좋으며 재구매하고 싶습니다.
1000323323,The미식 한우사태곰탕 400g * 2개입,맛/향/풍미,간을 맞출 수 있고 국물이 깔끔한 음식이 좋았습니다.
1000323323,The미식 한우사태곰탕 400g * 2개입,보관,냉동실에 미리 제품을 구입해 두면 편리합니다. 특히 세일 때 쟁여두면 더욱 유용합니다.
1000323323,The미식 한우사태곰탕 400g * 2개입,양,한 패키지에 곰탕 두 개가 들어있으며 푸짐하고 두툼한 고기가 많습니다.
1000323323,The미식 한우사태곰탕 400g * 2개입,포장/배송,"배송 상태는 좋았으며, 냉동식품은 따로 포장되어 드라이아이스와 함께 배송되었습니다."
1000431404,우차돌마라탕,가격,"마라탕을 좋아하지만, 매번 배달 시키면 가격과 양이 문제입니다. 7980원은 양이 적지만 괜찮은 가격이며, 추가 재료를 넣으면 더 많은 양이 나와 퀄리티도 나쁘지 않습니다."
1000431404,우차돌마라탕,맛/향/풍미,"이 마라탕은 맛있고 국물이 진하지도 않고 연하지도 않으며, 초보자도 먹기 편한 맛이 있고 국물이 맛있어요. 칼로리가 낮고 특별한 재료가 들어있어 맛있게 먹을 수 있어요."
1000431404,우차돌마라탕,보관,"이 제품은 보관이 간편하고, 냉동 후 쉽게 데워 먹을 수 있어요."
1000431404,우차돌마라탕,양,"양은 적지만 적절한 양입니다. 건더기, 유부, 당면, 차돌이 들어있는 내용물이 풍성하고 맛있어요."
1000263556,뼈없는 갈비탕,가격,이 제품은 저렴한 가격에 구입했을 때 만족스러운 경험이였습니다.
1000263556,뼈없는 갈비탕,맛/향/풍미,"이 제품은 국물이 미원하고 맛이 없다는 평이 있지만, 버섯 향이 강하고 국물이 진하고 맛있으며, 간이 적당한 편입니다."
1000263556,뼈없는 갈비탕,양,고기는 뼈가 없어서 먹기 편하고 맛있으며 양도 적당하여 한 끼 식사 가능합니다.
1000423818,고기듬뿍 돼지국밥,가격,"제품은 가격에 상관없이 만족스럽게 구입할 수 있었고, 재구매 의사가 있으며 기대하지 않았던 대로 더 많은 양이 들어있어 좋았습니다."
1000423818,고기듬뿍 돼지국밥,맛/향/풍미,고기 스탬프가 들어 있는 부분을 제외하고는 맛이 말썽말썽하고 국물이 깔끔하고 진해서 좋았습니다. 간은 적당했지만 조금 더 싱거운 편이면 좋을 것 같아요.
1000423818,고기듬뿍 돼지국밥,보관,이 제품은 냉동 보관이 가능하여 쟁여두고 먹을 수 있습니다. 냉동실에 계속 보관해야 하므로 주의하세요.
1000423818,고기듬뿍 돼지국밥,양,고기는 양이 많고 넉넉한 편입니다.
1000423818,고기듬뿍 돼지국밥,포장/배송,냉장고에 넣어두고 국물이 흘러나오는 문제가 발생했습니다. 냉장고의 손잡이나盖기를 확인해 보아야 합니다.
1000128834,김치 돈까스 나베,가격,최고의 가성비로 제품을 재구매 의사가 있습니다.
1000128834,김치 돈까스 나베,맛/향/풍미,"맛은 얼큰하면서 시원한 맛이며, 돈가스와 비슷한 맛을 가지고 있습니다. 돈가스는 두툼하여 매우 맛있다."
1000128834,김치 돈까스 나베,보관,냉동실에 보관하는 제품은 요리하기 귀찮을 때도 편리하게 집에서 즐길 수 있습니다. 제품을 냉동실에 보관할 때는 양념과 김치 등이 남아도 버리지 말고 잘 보관해두면 나중에 재구매할 수 있습니다.
1000128834,김치 돈까스 나베,양,"돈까스는 크기가 적당하고, 두툼한 고기 살로 씹는 맛이 좋습니다."
1000450530,우거지갈비탕 800g,가격,이 제품은 가격이 합리적이고 맛도 훌륭합니다.
1000450530,우거지갈비탕 800g,맛/향/풍미,보글보글 뚝배기에서 끓는 우거지 갈비탕이 정말 맛있어요. 국물은 담백하고 깔끔한 맛이 있어서 좋고 갈비에 붙은 고기는 육즙이 맛있는 맛이 나서 엄마 입맛에 딱 맞아요.
1000450530,우거지갈비탕 800g,보관,"이 제품은 냉동 후 삶아야 하며, 냉장고에 넣으면 기름이 굳어지므로 이를 제거하는 것이 좋습니다. 냉동 후 제품은 항상 입맛이 없을 때 드실 수 있어 좋습니다."
1000450530,우거지갈비탕 800g,양,우거지는 부드럽고 양이 많으며 갈비 4대를 혼자 다 드실 수 있는 양이 충분합니다. 재료들의 식감이 살아 있으며 가족들이 모두 좋아하는 우거지는 크고 부드럽습니다.
1000450530,우거지갈비탕 800g,포장/배송,이 상품은 맛과 배송이 모두 만족스럽습니다. 특히 이중 포장이 없어서 좋았습니다.
1000202745,갈빗살 미역국,가격,제품의 가격과 성능이 비례하여 만족스럽습니다.
1000202745,갈빗살 미역국,맛/향/풍미,"내용을 요약하면 다음과 같습니다.

내용은 국내산 미역으로 보들보들한 맛과 비린 맛이 없으며, 갈비 살 통 고기가 들어가도 질기지 않으며 큼지막한 맛과 국물이 진하고 깊은 맛을 느낄 수 있는 요리입니다."
1000202745,갈빗살 미역국,보관,"제품은 고객들의 높은 재구매 의사를 자랑하며, 냉동 상태에서 끓일 수 있게 되어 있습니다."
1000202745,갈빗살 미역국,양,양이 풍부하고 푸짐한 음식을 먹었어요. 양이 넉넉하고 고기는 큼직하고 맛있었습니다.
1000202745,갈빗살 미역국,포장/배송,해동 시에 국물이 포장지에서 새어나오는 문제가 발생했습니다.
1000218241,김치 순두부찌개,맛/향/풍미,이 제품의 맛은 묘하고 칼칼하며 매콤한 김치 맛입니다. 묵은지와 국물 맛이 깔끔하고 시원합니다.
1000218241,김치 순두부찌개,양,"양이 많고 김치도 풍부하여 두 명이 한 끼로 즐길 수 있는 메뉴입니다. 국물이 풍부하여 밥을 말아 먹기 좋으며, 차돌박이를 넣으면 더욱 맛이 좋은 요리입니다."
1000218241,김치 순두부찌개,포장/배송,"김치 포장이 정성스럽게 이루어졌지만, 일부 포장이 터져서 박스에 김치 국물이 새어 나왔습니다."
5116411,달래 된장찌개,가격,이 제품의 맛이 좋지 않아 다시 구매하는 의사가 없습니다.
5116411,달래 된장찌개,맛/향/풍미,달래 향이 진하고 맛있는 찌개에 달래가 많이 들어가 있어서 매우 맛있어요.
5116411,달래 된장찌개,양,이곳은 양이 적고 건더기가 부실해 아쉬운 점이 있습니다. 하지만 달래가 풍부하여 먹어도 좋습니다.
5116411,달래 된장찌개,포장/배송,"배송은 빠르고 포장은 잘 되었지만, 주문한 된장찌개에서 벌레가 발견되었습니다. 관리 부족으로 큰 벌레가 들어가게 된 것으로 보입니다."
1000043977,수제 굴림만둣국 700g,맛/향/풍미,"만두는 국물이 짭쪼름하고 고기는 통째로 씹히는 맛이 좋았습니다. 쌀쌀한 날씨에 뜨끈한 국물과 만두는 아주 맛있었고, 간이 딱 맞아 좋았습니다."
1000043977,수제 굴림만둣국 700g,보관,해동을 충분히 시킨 후 끓여야 합니다. 급하게 해동하면 끓인 음식이 맛이 떨어집니다.
1000043977,수제 굴림만둣국 700g,양,"만두 5개와 유부, 파가 함께 들어 있으며, 만두의 양도 충분하고 굴림 만두 5개와 유부 조각도 포함되어 있습니다. 제품은 넉넉하고 깔끔해서 가족 2명이 먹을 만큼 양도 충분했습니다."
1000043977,수제 굴림만둣국 700g,포장/배송,"유수해 냉동된 만두 외 유부의 상태는 좋았지만, 배송 중 국물이 새어 나면서 문제가 있었습니다."
5036885,미역오이 냉국,맛/향/풍미,"이 음식은 신맛이 약하지만, 맛이 좋고 시원합니다."
5036885,미역오이 냉국,양,양이 적은 반면 미역과 오이가 풍부하고 국물도 적지 않습니다.
1000260414,고기순대국 (냉동),가격,이 제품은 가격 대비 내용물이 부실해 가격이 저렴해도 만족스럽지 못했습니다. 비싼 것처럼 느껴지는 이유로 후회 중입니다.
1000260414,고기순대국 (냉동),맛/향/풍미,"순대국은 진한 맛과 깔끔한 국물이 특징이며, 순대는 맛있지만 고기는 비계가 많을 수 있습니다."
1000260414,고기순대국 (냉동),양,"제공된 양은 적당하지만, 건더기가 부족합니다."
1000325147,떡곰탕,가격,품질이 떨어지는 제품은 비싼 가격에 비해 가성비가 좋지 않습니다.
1000325147,떡곰탕,맛/향/풍미,떡 곰탕은 쫀득한 떡과 곰탕의 조화가 잘 어우러진 맛이였습니다. 국물이 진하고 떡의 쫄깃함도 적당하여 맛있어요.
1000325147,떡곰탕,양,고기는 양이 적지 않지만 국물과 떡이 부족한 편입니다.
5115297,일품 한우 양지무국,가격,제품은 후기도 좋으며 할인할인도 해서 구매해 보았습니다.
5115297,일품 한우 양지무국,맛/향/풍미,"고기 질기가 있지만, 담백하고 맛이 좋은 편입니다. 아이들은 특히 좋아합니다."
5115297,일품 한우 양지무국,보관,냉동실에 보관하는 제품은 일반적인 식품이 아닌 냉동식품입니다.
5115297,일품 한우 양지무국,양,"무는 상태가 좋지 않아 서걱거리고 고기는 약간 적었지만, 무가 많아 양도 적지 않아 한 끼 잘 먹을 수 있었습니다."
5136026,영양삼계탕,가격,이 제품은 높은 가격에 비해 좋은 맛을 제공하지만 품질에 비해 비싼 느낌이 듭니다.
5136026,영양삼계탕,맛/향/풍미,이 삼계탕은 국물이 진하고 맛있지만 닭 비린내가 심해요. 또한 고기는 부드럽고 냄새가 없으며 간이 적당한 편입니다.
5136026,영양삼계탕,보관,"고객은 실온 보관의 불편함을 이유로 상온 보관이 가능한 비상용 음식을 구입하였으며, 이로 인해 실온 보관의 단점을 해결할 수 있을 것이라고 말했습니다."
5136026,영양삼계탕,양,"제공된 양은 적당하지만 뼈의 부스러움으로 인해 씹기가 불편하고, 작은 뼈 조각이 떨어져서 먹기가 불편하다는 점이 있습니다."
1000220124,대파 닭개장,가격,"이 제품은 할인하는 오래된 제품으로, 가격 대비 품질이 좋고 비싼 맛이 없습니다."
1000220124,대파 닭개장,맛/향/풍미,"대파 닭개장은 더운 여름날 입맛을 돋우는 맛이 있습니다. 부드러운 고기와 큼직한 대파, 담백한 닭 가슴살이 깔끔하게 조화되어 맛있게 구성되어 있습니다."
1000220124,대파 닭개장,보관,닭개장은 냉동해 보관하는 것이 좋습니다.
1000220124,대파 닭개장,양,양이 풍부하고 건조하지 않은 맛의 음식입니다.
1000220124,대파 닭개장,포장/배송,"제조 년월이 2023년 11월로 보내졌으며, 냉동식품으로 제조 년월이 작년 11월인 점을 유의해 주시고, 빠른 배송으로 받았을 때 얼어 있던 상태로 유통 기한이 얼마 남지 않은 제품입니다."
1000231896,본 뼈없는 갈비탕,가격,"이 제품은 만족스럽지 않은 결과를 내고, 가격에 비해 좋은 품질을 제공하지 못해 재구매를 고려하지 않는다고 생각합니다."
1000231896,본 뼈없는 갈비탕,맛/향/풍미,고기가 부드럽게 익어 맛이 무난한 국물입니다.
1000231896,본 뼈없는 갈비탕,보관,냉동 상태에서 찬물에 1시간 정도 담가 놓으면 녹는다는 점을 참고해 주시기 바랍니다.
1000231896,본 뼈없는 갈비탕,양,"고기가 질기면 먹기 싫어하는 아이가 잘라 먹기 좋게 잘라주니 잘 먹어요. 본 죽 갈비탕은 뼈가 없고, 고기가 한 봉지에 들어있어 편하고 국물도 많아요."
1000218239,순두부 된장찌개,맛/향/풍미,이 제품은 맛이 좋고 아이들이 먹기 좋기로 유명합니다. 순두부와 된장의 조합이 잘 어울려서 맛있다는 평가를 받고 있습니다.
1000218239,순두부 된장찌개,보관,이 제품은 냉장 보관을 권장하고 빠른 소비를 권고하는 내용입니다.
1000218239,순두부 된장찌개,양,내용물이 부실하고 양도 적다는 것이 불만입니다.
1000356920,담백하고 깔끔한 평양식 만둣국,가격,"이 제품은 양이 적다는 단점이 있지만, 가성비는 좋고 재구매 의사 100%입니다. 하지만, 가격은 만둣국 15000원 정도하는 식당보다 비싸고, 매장에서 13000원 판매하는 제품보다 20원 싸게 판매하는 것 같아 의아합니다."
1000356920,담백하고 깔끔한 평양식 만둣국,맛/향/풍미,"이 음식은 담백하고 깔끔한 맛이 특징이며, 만두는 쫄깃함이 적당하고 맛이 좋으며, 국물은 깔끔하고 매운 양념이 들어있어 느끼함이 없으며 슴슴합니다."
1000356920,담백하고 깔끔한 평양식 만둣국,보관,냉동실이나 냉장고에 보관하는 것이 좋습니다.
1000356920,담백하고 깔끔한 평양식 만둣국,양,"한 팩에는 6개, 다른 한 팩에는 5개의 만두가 들어있었습니다. 만두는 소가 꽉 차는 주먹 크기였고, 평양 만두라고 해서 비비고 만두 사이즈를 생각했지만 실제로는 비비고 만두 사이즈였습니다."
1000356920,담백하고 깔끔한 평양식 만둣국,포장/배송,"고급스러운 패키지와 정성스러운 구성으로 완벽한 경험을 제공했으며, 빠른 배송으로 고객의 기대에 부응했습니다."
5077478,초계탕,가격,오이가 상태가 좋지 않아 다시 사서 먹을 의사가 없습니다.
5077478,초계탕,맛/향/풍미,"이 상품은 닭고기에서 잡내가 살짝 나고 국물이 그냥 있는 제품입니다. 맛은 순하고 담백하고 시원하며, 삼삼한 맛이 건강한 맛입니다."
5077478,초계탕,보관,야채를 먹기 전에 상태를 잘 확인하는 것이 중요합니다. 야채의 신선성과 안전성을 확인하는 것이 건강과 안전을 위한 기본입니다.
5077478,초계탕,양,"육수는 양이 적고 야채 상태가 좋지 않지만, 닭 가슴살은 충분하며 다양한 채소가 들어있다."
5077478,초계탕,포장/배송,"파프리카는 배송받은 다음날부터 약간 무르기 시작하였고, 양배추의 색깔도 변했습니다. 또한, 야채 중 1개가 육수가 터져 있었습니다."
1000323319,The미식 돼지고기김치찌개 350g* 2개입,가격,"이 제품은 45 천 원대 제품들과 비슷한 성능을 제공하며, 가격 대비 품질이 뛰어나다는 장점이 있습니다."
1000323319,The미식 돼지고기김치찌개 350g* 2개입,맛/향/풍미,볶은 김치로 만든 김치찌개의 풍미가 좋았습니다. 고기 냄새가 살짝 부담스럽지만 두부와 고기 맛이 괜찮았습니다.
1000323319,The미식 돼지고기김치찌개 350g* 2개입,양,돼지고기가 많고 맛있는 반찬으로 편리하고 맛있어요.
1000323319,The미식 등심부대찌개 350g* 2개입,가격,"이 제품은 비비 제품들과 유사한 성분을 포함하고 있지만, 가격이 상당히 비싼 편입니다."
1000323319,The미식 등심부대찌개 350g* 2개입,맛/향/풍미,부대찌개의 맛은 재료에 따라 달라지만 간장과 라면 스프를 넣으면 더욱 맛있는 부대찌개를 만드실 수 있습니다.
1000323319,The미식 등심부대찌개 350g* 2개입,양,"양이 조금 아쉬울 정도로 나왔지만, 두부와 파햄이 함께해서 충분했습니다."
1000323319,The미식 차돌된장찌개 350g* 2개입,가격,"이 제품은 가격이 비싼 편이었지만, 높은 품질을 제공했고, 만족스러운 사용 경험을 제공했습니다."
1000323319,The미식 차돌된장찌개 350g* 2개입,맛/향/풍미,이 제품은 단하고 매운 맛이 있으며 건더기가 크고 맛이 괜찮습니다. 일반 레토르트 된장 찌개와는 맛이 다른 편입니다.
1000323319,The미식 차돌된장찌개 350g* 2개입,보관,"제품을 냉장실에서 2일 동안 해동시키고 끓여 먹었는데, 맛있었습니다. 다시 구매할 예정입니다."
1000323319,The미식 차돌된장찌개 350g* 2개입,양,양의 양이 적다는 점과 내용물이 적다는 점이 불만인 것 같습니다.
1000260405,스팸부대찌개 (냉동),가격,할인하길 레 종류대로 구입한 부대찌개는 저렴하게 구입한 후 가격과 맛이 만족스럽게 느껴졌습니다.
1000260405,스팸부대찌개 (냉동),맛/향/풍미,이 부대찌개는 맛있게 먹을 수 있어요. 스팸과 햄을 더 넣으면 더 맛있을 것 같아요.
1000260405,스팸부대찌개 (냉동),양,양이 많고 건더기가 많아 만족스럽습니다.
1000260409,양지육개장 (냉동),가격,정가는 살짝 비싼 느낌이 있지만 세일로 저렴한 가격으로 구입했습니다. 비비고 육개장보다 조금 비싼 편이었지만 세일로 가격이 저렴해 좋았습니다.
1000260409,양지육개장 (냉동),맛/향/풍미,"육개장은 매콤한 맛이 강하고, 비비고 갈비탕보다 맛있으며, 집에서 끓인 것보다 더 맛이 납니다. 육개장은 국물이 사골 국물처럼 맛있으며, 마늘을 첨가하면 기름을 걷어내어 먹을 수 있습니다."
1000260409,양지육개장 (냉동),보관,유통기한이 조금 지난 제품이지만 신랑이 맛있게 먹고 있다고 하여 냉동실에 보관해 두고 있습니다.
1000260409,양지육개장 (냉동),양,"양이 풍부하고 맛이 좋으며, 현대적인 재료를 사용했습니다."
1000260409,양지육개장 (냉동),포장/배송,포장 상태가 좋지 않아 국물이 묻어 먹는 불편함이 있었습니다.
1000071851,한우국수전골,가격,"이 제품은 비싼 가격과 맛이 저렴한데 비해 떨어지는 맛으로 인해 정가로 구매하는 것을 꺼리고, 재구매는 고려하지 않습니다."
1000071851,한우국수전골,맛/향/풍미,맛은 조미료가 들어가지 않은 본연한 맛을 간소하게 유지하고 있습니다. 국수는 맛있지만 고기는 질겨서 한 끼 먹기 괜찮은 편입니다.
1000071851,한우국수전골,양,국수는 양이 많고 푸짐한 제품입니다. 2인용으로 적당한 양이지만 4인 가족이 두 팩을 먹으면 남는 양이 있어요.
5083242,신선설농탕 고기 설렁탕 6입 세트,가격,"저렴한 가격에 구입한 제품은 만족스러웠고, 행사 기간 동안 할인된 가격으로 구입한 것이 좋았습니다."
5083242,신선설농탕 고기 설렁탕 6입 세트,맛/향/풍미,"냉동 고기는 맛도 좋고 냄새가 없으며, 신선하고 부드러운 맛을 제공합니다. 국물이 진하고 고기가 많아 아이가 잘 먹을 수 있는 맛입니다."
5083242,신선설농탕 고기 설렁탕 6입 세트,보관,"고객님은 냉동 제품의 유통기한에 대한 정보를 요청하였고, 재냉동이 불편하다는 점을 지적했습니다. 또한, 제품을 자주 주문할 것 같아 재주문할 예정이며, 비상템으로 추천하였습니다."
5083242,신선설농탕 고기 설렁탕 6입 세트,포장/배송,"냉동 제품을 선물로 받았을 때 겉면이 녹아 왔지만, 제품은 녹지 않았습니다. 스티로폼 포장은 얼음만 조금 녹은 상태로 잘 왔습니다."
5159795,콩비지탕,가격,품질이 좋지 않아 가격 대비 비싼 제품은 재구매의 의지 없어요.
5159795,콩비지탕,맛/향/풍미,"이 음식은 담백하고 맛있으며, 간이 적당한 고소한 맛과 부드러운 식감을 제공합니다. 건강한 음식으로 죄책감이 없으며, 콩비지의 퍽퍽한 식감이 강합니다."
5159795,콩비지탕,양,양이 넉넉하고 비싸지 않아 한끼로 해결할 수 있는 간단한 식사였습니다.
5159795,콩비지탕,포장/배송,제품은 포장이 깨끗하지 않으며 유통 기간이 지난 것 같습니다.
1000043975,맑은 소고기 해장국 650g,맛/향/풍미,안 매운 줄 알고 샀는데 매워서 아이는 못 먹었지만 어른들은 매콤하게 괜찮았고 온 가족이 맛있게 잘 먹었습니다. 맛은 깔끔하고 좋았지만 약간 심심한 맛이 있었고 국물은 진하고 맛있었습니다.
1000043975,맑은 소고기 해장국 650g,보관,이 제품은 냉동실에 보관하는 것이 좋습니다.
1000043975,맑은 소고기 해장국 650g,양,고기는 많고 건더기는 적당한 양이 적합합니다.
5042163,바르게 만든 한우 미역국 (아이용),맛/향/풍미,"이 음식은 냄새가 좋지 않았고 비린 향이 나서 먹기 어려웠지만, 아이가 잘 먹은 반면에 건강한 맛을 느끼게 해주었습니다."
5042163,바르게 만든 한우 미역국 (아이용),양,미역은 양이 적지만 아이가 잘 먹습니다. 소량으로 제공하는 것이 적절합니다.
5042163,바르게 만든 한우 미역국 (아이용),포장/배송,"배송은 빠르게 처리되었으며, 제품은 상온에서 냉장 상태로 보관되었습니다."
5112152,소고기뭇국,맛/향/풍미,"소고기 무 국은 진한 맛과 깊은 국물 맛을 자랑합니다. 맛있게 먹을 수 있으며, 기존 파우치 소고기 뭇 국보다 더 맛있다고 말하고 있습니다."
5112152,소고기뭇국,보관,냉동식품을 냉동실에 보관하는 것이 좋습니다. 냉동실에 보관하면 떨어지지 않습니다.
5112152,소고기뭇국,양,양이 풍부하고 푸짐하여 든든한 식사 맛을 느낄 수 있습니다.
5095731,소고기 알꼬리 800g (냉동),가격,"컬리는 처음 구매한 후 다시는 구매하지 않을만큼의 장점이 없으며, 또한 가격이 비싼다는 단점이 있습니다."
5095731,소고기 알꼬리 800g (냉동),맛/향/풍미,이 상품은 이쁘게 생긴 고기로 맛이 부드럽고 품질이 좋습니다. 기름이 많고 느끼한 부분이 있지만 알 꼬리 찜을 해 먹으면 맛있게 먹을 수 있습니다.
5095731,소고기 알꼬리 800g (냉동),보관,냉장 보관 후 삶은 육수는 다음날에 젤리처럼 굳어질 수 있으니 주의하세요.
5095731,소고기 알꼬리 800g (냉동),양,이 제품은 상태 좋은 기름기가 없을 때도 무방한 것들로만 구성되어 있습니다. 두 팩을 사서 먹으면 두 명이 배부르게 잘 먹을 수 있습니다.
5095731,소고기 알꼬리 800g (냉동),포장/배송,배송 받은 꼬리는 크기가 적당하고 기름기도 없어서 좋았습니다. 배송 받은 후 색상이 걱정한 어두운 색상이었던 꼬리는 정상이었던 것으로 보였습니다.
1000088935,을지로 포차 골뱅이탕 KIT,가격,"이 제품은 비싼 가격과 양이 적다는 단점이 있지만, 가격을 고려하면 괜찮은 선택입니다. 세일하면 재구매 고려 중입니다."
1000088935,을지로 포차 골뱅이탕 KIT,맛/향/풍미,고추가 신의 한 수네요. 칼칼하고 골뱅이의 시원한 맛이 국물 맛에 잘 어울립니다.
1000088935,을지로 포차 골뱅이탕 KIT,보관,"남편이 쟁여 두라고 말한 식료품은 쌀, 면류, 채소류, 과일류, 쿠키, 과자 등입니다."
1000088935,을지로 포차 골뱅이탕 KIT,양,양이 적고 골뱅이 작아 불만이 있는 것 같습니다.
1000313489,양지살 곱창육개장,가격,"제품은 사용자에게 만족스러운 성능을 제공하지만, 가격이 다소 비싼 것으로 알려져 있습니다."
1000313489,양지살 곱창육개장,맛/향/풍미,"이 음식은 매콤하고 짭또름한 맛이 강하며, 시원한 무의 맛과 콩나물이 더해져서 환상적입니다. 맛있는 국물과 육개장, 곱창전골의 맛을 느낄 수 있으며 국물은 진하고 맛있지만 돼지 냄새가 약간 나지만 기름기가 약간 뜨는 것 빼고는 문제가 없습니다."
1000313489,양지살 곱창육개장,보관,할인 기간에 쟁여두면 오래 보관할 수 있습니다. 냉동실에 보관하면 오래 보관할 수 있습니다.
1000313489,양지살 곱창육개장,양,"건더기가 적다는 점은 아쉬울 수 있지만, 건더기가 적당히 들어 있어 한 팩으로 두 사람이 한 끼 먹기 좋습니다. 건더기가 많고 내용물이 알찬데 양이 적은 두 사람이 먹기 딱 좋습니다."
5031816,한우사골 곰탕,맛/향/풍미,"진한 국물과 담백한 한우 육수, 담백하고 고소한 맛이 특징입니다. 추울 때 맛있으며, 냄새가 심하지 않고 묽지 않고 사골 맛이 괜찮습니다."
5031816,한우사골 곰탕,보관,냉동 보관을 하게 되면 묵처럼 보입니다. 여름에는 특히 냉동실에 쟁여두는 것이 좋습니다.
5031816,한우사골 곰탕,양,용량이 줄었지만 맛이 살아남아 아이들이 좋아하는 음식입니다.
5031816,한우사골 곰탕,포장/배송,포장 상태가 좋지 않았습니다. 칼로 긁힌 흔적이 있고 국물이 다 흘러서 음식이 거의 남아 있지 않았습니다.
5048735,구수한 근대된장국,맛/향/풍미,이 된장국은 시원하고 맛있는 음식이에요. 간이 적당하고 조미료 냄새도 적절한 맛이 좋아요.
5048735,구수한 근대된장국,보관,"제품을 냉장 보관하면 오랫동안 보관할 수 있고, 품질을 유지할 수 있습니다."
5048735,구수한 근대된장국,양,제품의 양이 적다는 점이 아쉬운 점입니다.
5048735,구수한 근대된장국,포장/배송,"브랜드는 대왕 파리를 포함하고 유통 기한이 찍힌 사진을 첨부했지만, 제품이 배송 시 문제가 있었고, 냉동팩 아래에 국을 넣어 보냈을 때 국이 터져서 냄새가 나고, 박스 3개 모두 젖어있었습니다."
1000134480,비지찌개 700g,맛/향/풍미,"비지찌개는 도톰하고 씹히며 맛있어요. 간이 조금 더 있으면 좋을 것 같고, 싱겁게 드신다면 맛있을 것 같아요."
1000134480,비지찌개 700g,보관,"이 제품은 품절로 인해 재구매를 반드시 하게 되며, 냉동 보관으로 인해 비상 식품이 되기 때문에 좋습니다. 냉장고에 넣어 반 쪼개서 먹으며 냉동실에 쟁여두기 좋습니다."
1000134480,비지찌개 700g,양,한 끼 식사 국은 든든하고 양도 충분히 나옵니다. 건더기는 많고 적절한 크기로 잘게 잘되어 있습니다.
5066066,고기왕만두,맛/향/풍미,"만두는 속이 꽉 차 있고 고기 함량이 높아 맛있으며, 쪼끔 먹어도 구워 먹어도 맛있습니다. 담백하고 건강한 맛이며, 짠거나 잡내가 나지 않아 좋습니다."
5066066,고기왕만두,양,"만두전골에는 야채가 가득 들어있는 크기가 큼지막한 만두가 6개가 들어있으며, 크기가 큰 편입니다."
5066066,고기왕만두,포장/배송,소용량 포장은 매우 만족스럽습니다. 냉동 제품의 퀄리티는 매우 좋습니다.
5026469,꼬리곰탕,가격,"고객은 제품을 구매한 후 만족하지 못했고, 가격이 비싸다는 점을 언급했습니다. 재구매의 의사도 밝히지 않았습니다."
5026469,꼬리곰탕,맛/향/풍미,고기가 질겨도 국물이 맛있고 깔끔하다는 평가입니다.
5026469,꼬리곰탕,보관,냉동 보관 후 재구매 의사 있어요. 냉동 후 몇 시간 냉장실에 두면 끓여서 먹을 수 있는 제품입니다.
5026469,꼬리곰탕,양,"고기는 질겨서 떨어지지가 않으며 양은 많지만 고기는 적습니다. 고기는 뼈와 함께 제공되는데 뼈와 고기를 분리하는 것이 불편하고, 꼬리 부분은 먹을 수 없어요."
5026469,꼬리곰탕,포장/배송,"포장은 잘 왔지만, 포장이 찢겨져 있어 먹기가 불편했습니다."
5012851,콩나물김칫국,가격,"이 제품의 맛은 괜찮은 편이지만, 가격이 비싸고 양이 적고, 제품의 퀄리티도 기대와 다르며, 서비스도 만족스럽지 않습니다."
5012851,콩나물김칫국,맛/향/풍미,"이 제품은 맛이 괜찮지만 향이 약하고, 집에서 요리한 것처럼 맛이 나며 국물이 점점 밍밍해집니다. 또한 맛이 괜찮지만 조미료 맛이 없고, 시원하고 깔끔한 맛이 좋습니다."
5012851,콩나물김칫국,보관,이 제품은 냉동실에 항상 보관해두고 재구매할 예정입니다.
5012851,콩나물김칫국,양,콩나물 김칫국은 김치가 많고 콩나물이 적습니다. 이 양은 1인 가구가 식사하기 적절합니다.
5037566,차돌박이 된장찌개,가격,이 제품은 믿을 수 있는 수준으로 뛰어난 성능을 자랑합니다.
5037566,차돌박이 된장찌개,맛/향/풍미,"내용물은 알차고 담백한 맛이 있고, 국은 달콤하고 오묘한 맛을 내며 칼칼하고 개운한 맛은 없어요. 조미료가 강조되어 달콤하지만 느끼한 맛은 없어요."
5037566,차돌박이 된장찌개,보관,이 제품은 냉장 보관이 가능하고 25년이상의 유통기한이 있어 재구매가 용이합니다.
5037566,차돌박이 된장찌개,양,양은 부실했지만 두부가 많고 건더기가 많아 좋았습니다.
5116408,정갈한 소고기 무국,가격,피코크 제품은 저렴한 가격에 좋은 품질을 제공합니다.
5116408,정갈한 소고기 무국,맛/향/풍미,"제품은 맛이 좋으며, 맛이 딱딱하고 짜지도 않고 심심하지도 않습니다. 특히 피코크 무국이 제일 맛있으며, 무의 시원한 맛과 달큰함이 특징입니다."
5116408,정갈한 소고기 무국,보관,냉장고에 보관하면 안심 냉장으로 유통기한이 짧은 국거링을 안전하게 보관할 수 있습니다.
5116408,정갈한 소고기 무국,양,양이 적절하게 나와 고기가 풍부한 음식입니다.
5116408,정갈한 소고기 무국,포장/배송,"상품은 야채를 쿠션처럼 깔고 우유, 바나나, 고기, 순두부, 얼음 2개를 얹어 보냈습니다. 그러나 고객은 제품이 새어 박스 바닥에 흩어져 있고 말라 습기가 없다는 것을 발견했습니다."
5048737,깊은맛 소고기미역국,맛/향/풍미,"고기 냄새가 나서 조금 아쉬웠습니다. 고기 맛은 있지만 질이 좋지 않았고, 국물은 맛있었지만 고기만큼은 아니었습니다."
5048737,깊은맛 소고기미역국,보관,"이 제품은 주로 주문해 먹는 제품이며, 식품 첨가물이 없는 점이 마음에 듭니다."
5048737,깊은맛 소고기미역국,양,양이 많은데 미역이 많고 소고기 기름이 많아 실망스러운 음식이었습니다.
5048737,깊은맛 소고기미역국,포장/배송,"제품의 품질은 매우 좋았고, 사용하기도 편리했습니다."
5095180,얼큰 순두부찌개 KIT,가격,"이 제품은 합리적인 가격에 다양한 야채를 함께 즐길 수 있어 좋으며, 현재 마켓 컬리에서 할인 중이기 때문에 저렴한 가격에 구매가 가능합니다."
5095180,얼큰 순두부찌개 KIT,맛/향/풍미,이 음식은 매콤하고 얼큰한 국물 맛과 식감 좋은 야채들이 잘 어우러져 맛있고 부드러운 맛을 낸다.
5095180,얼큰 순두부찌개 KIT,보관,이 제품은 냉장 보관이 가능하여 아이스박스에 넣어도 시원하게 보관이 잘 됩니다. 또한 육수와 순두부의 상태도 좋으며 주기적으로 구매하는 찌개입니다.
5095180,얼큰 순두부찌개 KIT,양,양이 풍부하고 맛이 훌륭합니다.
5070616,더진한 부대찌개,맛/향/풍미,"부대찌개는 짭짤한 맛으로 맛있게 먹었습니다. 맛은 김치 베이스의 깔끔한 맛과 베이크드빈과 치즈 베이스의 기름진 맛으로 나뉘어지는데, 후자의 맛을 원하시는 분은 추가로 넣어도 좋을 것 같습니다."
5070616,더진한 부대찌개,보관,"냉동 상태로 먹기 편리하고, 냉동실에 보관하면 든든합니다. 냉동실에 비상 템으로 보관하는 것이 좋습니다."
5070616,더진한 부대찌개,양,"부대찌개는 건더기가 많았고, 내용물이 국물보다 넉넉했습니다. 햄과 소세지, 베이컨 등이 푸짐하게 들어 있어 햄을 추가로 넣을 필요가 없었습니다."
5070616,더진한 부대찌개,포장/배송,"배송은 빠르지만, 냉동식품의 포장 상태가 좋지 않았습니다. 포장에 구멍이 나 있어 국물이 흘러나와 손상 시 국물이 새는 문제가 있었습니다."
5068968,곰탕,맛/향/풍미,"워커힐 곰탕은 맛이 진하고 한 끼 간 편히 괜찮습니다. 맛있는 냄새가 나며, 고기는 부드럽고 국물은 맑습니다."
5068968,곰탕,보관,이 제품은 냉동실에 보관해두면 좋습니다.
5068968,곰탕,양,"고기 양이 예상보다 많았으며, 실제로 한 봉지에 1인분이 들어있었습니다."
5068968,곰탕,포장/배송,구멍이 뚫린 봉지로 곰탕이 배송되었습니다. 국물이 뿌옇게 나와서 먹기 어렵게 되어 불편했습니다.
5049685,얼큰 순대국,가격,가성비가 좋은 제품들은 가격이 오르면서 식당에서 먹을 수 있는 것보다 저렴해졌습니다.
5049685,얼큰 순대국,맛/향/풍미,순대국은 진한 맛과 국물이 함께 맛있게 먹을 수 있는 맛집에서 맛을 재현한 맛집입니다.
5049685,얼큰 순대국,보관,"이 제품은 재구매가 잦은 제품으로, 쟁여두면 빈정상으로 재구매를 하지 않아도 되며, 세일할 때 쟁겨두는 필수품입니다. 제품을 국물과 함께 얼린 후 보관하면 끊기 편해져요."
5049685,얼큰 순대국,양,순대와 고기가 풍부한 국물은 양이 많았습니다. 총 89개가 넘는 순대와 적당한 양의 고기를 포함하여 한 봉지로 2명이 먹을 수 existed했습니다.
5049685,얼큰 순대국,포장/배송,제품이 찢겨져 왔으며 칼로 자른 흔적이 보입니다. 제품의 정체성이 확인되지 않고 먹기도 불편합니다.
5066505,소고기 된장찌개,가격,"지난번에 믿고 주문해 왔던 곳의 가격이 내려도 이번에는 고민될 것 같아요. 재료 상태도 좋고, 따로 사 먹는 것보다 가격도 괜찮았습니다."
5066505,소고기 된장찌개,맛/향/풍미,"이 제품은 맛이 억텐 없이 엄마가 해 준 것보다 더 맛있고, 옛날 맛이 나서 좋습니다. 재료가 신선하고, 특히 청양고추가 들어 있어서 매운 맛이 좋습니다."
5066505,소고기 된장찌개,양,"이 제품은 다양한 재료로 구성되어 있으며 양이 많습니다. 감자는 일부가 썩어 오는 문제가 있지만, 다른 부분은 양호합니다."
5066505,소고기 된장찌개,포장/배송,포장된 원재료가 자연 상태로 제공되었을 때 고객들은 더 믿을 수 있고 만족스럽게 느꼈습니다.
5062288,도가니탕,가격,이 제품은 맛이 좋지만 가격이 비싼 것으로 알려져 있습니다.
5062288,도가니탕,맛/향/풍미,맛은 괜찮지만 기름이 많고 후추 맛이 강해 아이가 맵다고 느낄 수 있습니다.
5062288,도가니탕,보관,"고객들은 도가니탕을 좋아하여 재주문합니다. 냉장 보관 후 동결시키면 더 맛있게 먹을 수 있으므로, 냉장 보관 후 동결시키는 것이 좋습니다."
5062288,도가니탕,양,양이 보통이고 도가니 건더기가 많으며 국물이 적습니다.
5062288,도가니탕,포장/배송,구멍이 나서 국물이 빠져나가는 문제가 생겼습니다.
5025668,아욱된장국,맛/향/풍미,"이 국은 맛이 좋고 양도 풍부하며, 구수한 맛이 깊은 편입니다. 맛이 좋아서 자주 구매하는 제품입니다."
5025668,아욱된장국,보관,이 제품은 냉장 보관이 편리한 장점이 있습니다.
5025668,아욱된장국,양,양이 적절하게 유지되어야 합니다.
5025668,아욱된장국,포장/배송,된장국이 터져서 박스와 다른 상품에 물이 흘러내려서 문제가 발생했습니다.
5082996,사골우거지국,가격,"제품 가격이 합리적이고 저렴하다는 점에 만족하며, 할인된 가격에 재구매한 것입니다."
5082996,사골우거지국,맛/향/풍미,이 음식은 국물이 짜지 않고 간이 맞아서 맛있다. 특히 조미료로 끓인 맛이 진하지 않으며 후추 맛이 강한 것이 좋았습니다.
5082996,사골우거지국,보관,"냉동 보관이 가능하지만, 냉장으로 옮겨야 하며, 제품의 질은 시간이 지남에 따라 변하지 않습니다."
5082996,사골우거지국,양,그것은 건더기가 풍부하고 고기가 많아 양을 늘릴 수 있는 음식이었습니다.
5128947,프리미엄 전통육개장,가격,"이 제품은 저렴한 가격에 고급진 맛을 제공하고, 세일 때 구매하는 것을 추천하는 제품입니다."
5128947,프리미엄 전통육개장,맛/향/풍미,"이화수 육개장은 항상 맛있는 편입니다. 맛은 식당과 비슷한 맛이 나고, 오뚜기 육개장보다 맛이 좋습니다."
5128947,프리미엄 전통육개장,양,양이 많지만 기름기가 많고 내용물이 부실해요. 특히 파만 들어가고 고기는 거의 없다는 점이 문제입니다.
5037568,진한 육개장,맛/향/풍미,"피코크의 육개장은 맛이 진하고 조미료의 맛이 적은 편입니다. 특히 국물이 진하고 평범한 맛이 나며, 맛은 그냥 좋습니다."
5037568,진한 육개장,보관,"해동이 필요 없기 때문에 자주 구매하고, 세일 때 쟁여두면 좋습니다. 냉동실에 보관하면 식감이 좋지만, 냉동한 채소들은 냉장으로 보관하는 것이 좋습니다."
5037568,진한 육개장,양,이 제품은 양이 충분하여 두 끼 먹을 수 있고 건더기가 풍부하여 맛이 좋습니다. 건더기와 국물이 풍부한 이 제품은 한 그릇으로도 알차게 먹을 수 있습니다.
5114853,순살 감자탕,가격,"이 냉동 밀 키트 제품은 가격이 저렴하고, 처음으로 구매한 후 만족스러운 선택이었다."
5114853,순살 감자탕,맛/향/풍미,"이 감자탕은 국물과 밥을 함께 먹을 수 있어 편리하고 맛있었습니다. 감칠맛이 나는 국물과 우거지, 표고버섯이 들어간 맛이 좋았지만 고기는 살짝 퍽퍽했으며 뼈가 들어있어 조심히 드셔야 합니다."
5114853,순살 감자탕,보관,감자탕을 냉동실에 보관해 상온에서 해동하면 맛있게 먹을 수 있습니다. 하지만 냉동 후에도 변질되지 않도록 주의하여 보관하세요.
5114853,순살 감자탕,양,"한 끼에 적합한 양이지만, 조금 적다는 느낌이 드는 양이 제공됩니다."
5114853,순살 감자탕,포장/배송,"제품이 받은 시에 찢어져 있었고, 배송 중 다른 상품들과 충돌하여 그런 것으로 추정됩니다. 제품을 잘 다루지 않으면 국물이 새어 나면서 먹을 수 없게 됩니다."
5053980,한우 사골 곰탕,가격,"썸머 빅 세일로 저렴한 가격에 구입한 상품은 맛있게 먹었지만, 품질 문제로 신뢰가 떨어졌습니다. 가격 대비 맛과 품질은 곰탕과 비교했을 때 좋지 않았습니다."
5053980,한우 사골 곰탕,맛/향/풍미,"사골 곰탕은 찐하고 깔끔한 맛을 자랑하며 국내산 한우로만 구성되어 있습니다. 어머니는 유일하게 별로라고 하셨지만 다른 제품들은 프림을 섞은 것 같다고 생각하시는 것처럼 국물이 우유처럼 뽀얘요, 진하고 맛있지만 불투명한 점이 있습니다."
5053980,한우 사골 곰탕,보관,"이 제품은 쟁여서 보관하는 것이 좋으며, 큰 팬에 담아 보관하면 냄새가 새지 않습니다."
5053980,한우 사골 곰탕,포장/배송,"새벽 배송으로 받은 냉동식품이 반 이상 녹아 있었고, 2개가 터져서 왔습니다. 제품을 꺼내자마자 냄새가 나고, 곰탕이 흐르는 것을 보았습니다."
5055823,진한 갈비탕,가격,"가성비가 좋지 않은 냉동 갈비탕을 시도해 보았습니다. 

냉동 갈비탕의 가격이 식당 가격에 근접하지만 양과 질이 만족스럽지 않습니다."
5055823,진한 갈비탕,맛/향/풍미,"이 제품은 맛이 괜찮았지만, 질이 좋지 않아 실망스러운 경험이었습니다. 국물은 진하고 맛있었지만, 고기는 질기고 냄새가 나서 먹기 불편했습니다."
5055823,진한 갈비탕,양,"진한 갈비탕은 푸짐한 고기 양과 진한 국물로 인기가 많습니다. 하지만, 갈비에 고기가 붙어 있지도 않고 나머지 고기는 질겨서 버릴 수밖에 없을 정도로 녹아내리는 고기를 넣어 놓았습니다."
5093931,한우 미역국,가격,"상품의 가격이 합리적이고, 품질도 우수합니다."
5093931,한우 미역국,맛/향/풍미,이 미역국은 고소한 한우 맛과 부드러운 미역이 조화된 진한 국물로 식사하기 좋습니다.
5093931,한우 미역국,보관,이 제품은 유통 기한이 길고 실온에서 보관할 수 있어 여행에 적합한 제품입니다.
5093931,한우 미역국,양,"양이 많은 제품은 양이 많고 고기가 많은 반면, 양이 작은 제품은 양이 적고 고기가 거의 없습니다. 미역국이 푸짐한 제품은 미역이 많고, 품절로 인해 미역이 많습니다."
5106623,한우 곰탕 600g,가격,"제품을 한 달 전에 30% 세일로 구입했지만 신뢰가 깨졌고, 현재 가격이 비싸서 재구입은 거부하고 환불을 원하고 있습니다."
5106623,한우 곰탕 600g,맛/향/풍미,"설 송 목장의 한우는 남다른 사육 환경과 무항생제 사료를 사용하여 고기 누린내가 적고, 국물이 맑고 담백합니다."
5106623,한우 곰탕 600g,보관,"냉동 상태로 왔기 때문에, 안 드실 때는 냉동 보관해 주세요. 먹기 하루 전에 냉장실로 옮겨 천천히 해동시키면 됩니다."
5106623,한우 곰탕 600g,양,"이 상품은 고기 양이 풍부한 한 끼 해결을 제공하지만, 끓여도 녹지 않는 하얀 부유물과 작은 알갱이의 문제점이 있고, 실제 양이 표기된 양보다 적습니다."
5106623,한우 곰탕 600g,포장/배송,포장 상태가 좋지 않아 교환 혹은 환불이 필요합니다.
5070615,소곱창전골,가격,이 제품은 가격이 저렴하고 좋은 품질로 인해 만족스럽습니다.
5070615,소곱창전골,맛/향/풍미,"음식점의 곱창전골을 시켰는데, 국물은 매웠지만 맛있게 매웠고, 우거지의 줄기 부분은 질겨서 삼키기 불안할 정도로 짠지 않았으며 조미료 느낌도 나지 않았습니다."
5070615,소곱창전골,보관,이 제품은 여행 중에 즐겨 먹을 예정인 인기 상품입니다.
5070615,소곱창전골,양,"푸짐한 도가니탕을 먹어보니 양이 많아 한 번의 식사로 여러 번 먹을 수 있고, 매운맛도 줄어들고 깊은 맛은 그대로 유지되어 만족스럽습니다."
5070615,소곱창전골,포장/배송,"포장 상태가 좋지 않았습니다. 비닐이 나서 상품이 상했으며, 더운 날씨에 보관에 신경을 써주시면 감사하겠습니다."
1000088626,우거지 갈비탕,가격,"이 제품은 컬리에서 빠르게 받을 수 있지만, 다른 곳에서 3일 이내에 주문하는 것이 저렴한 편입니다. 또한, 좋은 제품이지만 두 번 이상 주문하지 않을 것 같습니다."
1000088626,우거지 갈비탕,맛/향/풍미,"이 식당의 우거지 갈비탕은 담백한 국물과 우거지, 오징어 젓갈이 함께 먹으면 맛있지만 기름이 많고 싱거워서 별로였습니다."
1000088626,우거지 갈비탕,보관,제품을 미리 구비해 두고 사용하는 것이 좋습니다. 제품이 쎄질 때는 냉장고에 미리 해동하고 냉동실에 보관하는 것이 좋습니다.
1000088626,우거지 갈비탕,양,갈빗대의 경우 네 개가 들어 있지만 다른 사미헌 강비탕보다 고기가 조금 적습니다. 갈비는 세 개 들어가 있지만 맛이 없고 우거지는 많고 국물도 여유 있지만 고기는 조금 아쉬웠습니다.
1000088626,우거지 갈비탕,포장/배송,"주문한 제품 중 1개가 누락되었고, 주문하지 않은 제품이 함께 배송되었습니다. 제품은 확인 절차 후에 보내졌지만, 고객이 다시 박스 포장을 해야하는 불편함이 발생했습니다."
5049686,백암 순대국,가격,"이 식품은 비싼 가격을 가지고 있지만, 할인할 때 구매하는 것이 좋습니다."
5049686,백암 순대국,맛/향/풍미,"순대국은 맛있게 먹을 수 있는 음식으로, 국물은 맛있고 건더기는 싱하고 고기는 쫄깃하게 맛있으며 간이 잘되어 있습니다."
5049686,백암 순대국,보관,이 제품은 맛이 좋고 재구매를 고려할만한 제품입니다. 비상용으로 냉동실에 보관하면 편리한 제품입니다.
5049686,백암 순대국,양,푸짐한 순대국으로 양이 많습니다.
5049304,설렁탕,가격,이 제품은 가격이 저렴하고 가성비가 좋습니다.
5049304,설렁탕,맛/향/풍미,고기 질기고 국물은 냄새나지만 신선보다 맛이 더 좋다고 느껴집니다. 깔끔하고 짠 맛이 없는 곰탕보다 더 맛있는 제품입니다.
5049304,설렁탕,보관,"냉동실에 보관하면 편리하고, 급할 때나 식욕이 없을 때 간단하게 먹을 수 있습니다."
5049304,설렁탕,양,고기가 넉넉하게 들어 있는 음식입니다.
5049304,설렁탕,포장/배송,"새벽 배송은 너무 빠르다는 느낌이 들었습니다. 하지만, 여름에 새벽 배송을 받았을 때는 밤새 물이 녹아버려서 아침에 모두 녹아버렸습니다."
5133941,삼계탕 900g,가격,"이 제품은 가성비 좋은 퀄리티 삼계탕을 제공하지만, 가격이 비싼 것처럼 보입니다."
5133941,삼계탕 900g,맛/향/풍미,조선호텔 삼계탕은 깔끔한 맛과 시원한 국물로 인기가 좋은 음식입니다. 부드러운 닭고기와 적당한 간으로 맛있는 삼계탕을 맛볼 수 있습니다.
5133941,삼계탕 900g,보관,조선호텔 삼계탕을 냉동실에 보관하면 편리하고 유효 기간이 길어 비상식량으로 사용할 수 있습니다.
5133941,삼계탕 900g,양,"이 음식은 양이 적은 여성에게 적당한 양을 제공하며, 많은 남성에게는 추가적인 밥이 필요합니다."
5133941,삼계탕 900g,포장/배송,"제품이 더 녹아있어 걱정이 되었지만, 이전보다 더 냉동 상태가 완전해져서 뼈가 부서지지 않아 다행이었습니다."
5052865,사골 황태국,맛/향/풍미,황태 국은 깊은 사골 맛과 함께 황태가 들어 있어 맛이 좋고 진합니다. 간이 쎈 경우 물을 넣어 끓이면 맛있으며 냉동실에 보관한 제품도 맛나고 간이 딱합니다.
5052865,사골 황태국,양,양이 풍부하고 맛이 좋으며 건더기는 튼실합니다.
5052865,사골 황태국,포장/배송,해동하면 국물이 새는 종이 패키지와 비닐 봉투의 품질이 좋지 않아 냉장고 청소가 필요해집니다.
5053981,한우 사골 고기 곰탕,가격,"프리마커피에 차돌 고기를 넣은 제품을 사서 만족하지 못한 고객이 있습니다. 고객은 프리마커피보다 더 비싼 국밥이나 갈비 곰탕을 사 먹는 것을 선호하며, 할인 받았을 때도 프리마커피를 구매하는 것으로 보아 할인 시점에만 구매하는 것 같습니다."
5053981,한우 사골 고기 곰탕,맛/향/풍미,곰탕은 국물이 진하고 맛있는 음식입니다. 국물이 진한 맛을 좋아하는 사람들에게 적합한 음식입니다.
5053981,한우 사골 고기 곰탕,보관,"집 식구들이 곰탕을 좋아하는 편이라 컬리 제품을 냉동실에 쌓여두고, 특히 추운 날씨에 쌓여있는 제품을 꺼내 먹습니다."
5053981,한우 사골 고기 곰탕,양,"이 상품은 3인분으로 충분히 먹을 수 있는 양을 제공하고, 고기 없는 국물이 포함되어 있습니다."
5053981,한우 사골 고기 곰탕,포장/배송,"포장 봉투가 젖어 곰탕 파우치가 터져서 옷까지 물이 들러붙었고, 종이로만 된 봉투로 포장한 결과로 내용물이 빠져나가고 물이 들어오게 되었습니다."
1000128435,육개장 730g,가격,"이 제품은 양이 많은 700g의 육개장이 있으며, 가격은 7천 원대입니다."
1000128435,육개장 730g,맛/향/풍미,"이 제품은 국물이 깔끔하고 약간 매운 맛이 나며, 신랑이 제일 맛있다고 하네요."
1000128435,육개장 730g,보관,이 제품은 냉동실에 적합하여 오래 보관할 수 있습니다.
1000128435,육개장 730g,양,고기 건더기가 부실합니다.
1000128435,육개장 730g,포장/배송,"제품의 첫 구매로, 오래된 고무처럼 보이는 물질이 발견되어 충격을 받았습니다. 또한, 이물질이 나와서 불편하고, 호텔 이름이 적힌 제품 판매, 택배 상자에서 기름이 묻어나서 불편했습니다."
5103519,송탄식 부대찌개,가격,"이 제품은 가격이 저렴하지만 품질이 만족스럽지 않아 또 구매하지 않을 것 같다는 의견이 있으며, 오래된 제품 사용 경험을 토대로 가격을 낮추어야 한다고 생각됩니다."
5103519,송탄식 부대찌개,맛/향/풍미,냄새가 심하고 맛이 별로야. 간이 짧아 물을 더 넣으면 좋을 것 같아요.
5103519,송탄식 부대찌개,보관,"이 제품은 쓰레기를 줄이는 데 도움이 되며, 고객들이 만족스럽게 여러 번 구입한 제품입니다."
5103519,송탄식 부대찌개,양,양이 부족하고 특히 소세지가 적다는 것이 불만입니다.
5103519,송탄식 부대찌개,포장/배송,"냉동 제품을 받았는데, 포장 상태가 신기했습니다. 배송 과정에서 문제가 있었지만 포장의 편리함은 좋았습니다."
5152911,소고기 미역국 700g,맛/향/풍미,이 미역국은 소고기와 미역을 넣고 끓여서 만든 국입니다. 담백하고 깔끔한 맛과 건강한 재료로 맛있게 먹을 수 있어요.
5152911,소고기 미역국 700g,보관,이 제품은 냉동 상태로 보관할 수 있어 사용하기 편리합니다.
5152911,소고기 미역국 700g,양,"고기가 양이 적당하고, 고기와 미역의 비율도 적절합니다. 함께 먹기 좋은 양과 미역의 조합, 건더기도 적절히 들어 있어 좋았습니다."
5152911,소고기 미역국 700g,포장/배송,"칼의 포장 상태는 좋았고, 배송도 잘 받았습니다."
1000134482,건새우 아우국 700g,맛/향/풍미,"맛은 싱겁고 끓인 것 같은 맛이었으며, 아욱과 새우가 들어간 국과 비슷했습니다. 간이 밍밍해서 양념을 더해 먹으며, 맛은 좋았지만 조금 더 구수했으면 좋았을 것 같습니다."
1000134482,건새우 아우국 700g,보관,"이 제품은 냉동 보관이 가능하고, 밀 쳬 용기에 담겨서 통도 활용할 수 있습니다."
1000134482,건새우 아우국 700g,양,건새우가 많고 건더기와 양이 푸짐했습니다.
1000134482,건새우 아우국 700g,포장/배송,"음식을 얼린 후에 포장이 깨져서 온 경우, 냉동 음식은 데우기가 편하고 보관도 좋지만 비닐 포장이 필요해 보입니다."
5068908,고기 사골곰탕,맛/향/풍미,"이 냉동 밥은 기름기가 많지만 맛있고 어른도 먹을 수 있는 맛이 나며, 고기 향이 강하고 국물이 누렇습니다. 또한 간이 안 되어도 괜찮으며, 고기는 잡내가 없으며 국물이 진하고 고소한 맛이 나며, 맛이 보장되어 있습니다."
5068908,고기 사골곰탕,보관,이 제품은 떨어지면 바로 냉동실에 보관하여 먹는 제품입니다.
5068908,고기 사골곰탕,양,고기가 풍부한 곰탕이 있습니다.
5152914,시래기 된장국 700g,맛/향/풍미,집에서 끓여 먹는 재료 본연의 맛이 느껴지는 국이 좋아요. 맛이 짜거나 썩어도 자극적이지 않아 좋아요.
5152914,시래기 된장국 700g,양,양은 많지만 시래기가 맛이 떨어져서 후회 중입니다.
5152914,시래기 된장국 700g,포장/배송,"용기가 깨져서 왔으며, 그 이전에 상태가 좋았습니다."
5082997,시래기된장국,맛/향/풍미,"제품은 깔끔하고 맛있습니다. 맛이 부드럽고 좋으며, 옛날 맛이 나는 된장국이네요."
5082997,시래기된장국,보관,"이 제품은 냉장고에 보관하면 좋으며, 비상용으로도 구입하는 것이 좋습니다. 저는 이 제품을 여러 번 구매하여 사용하고 있으며, 계속해서 구매하고 있습니다."
5082997,시래기된장국,양,"국물이 풍부하고 건더기는 적당합니다. 건더기는 많지만 아쉬운 정도는 아니며, 혼자 먹을 때 세 번 정도 나눠 먹을 양입니다."
5055824,진한 소고기국밥,가격,비싼 것 같지만 가격도 괜찮고 양도 많지만 다시 사는 의사는 없어요.
5055824,진한 소고기국밥,맛/향/풍미,이 국은 살짝 매콤하고 담백해서 맛있어요.
5055824,진한 소고기국밥,양,양이 풍부하고 푸짐한 찌개입니다.
5055824,진한 소고기국밥,포장/배송,컬리의 제품은 첫 구매시 기대에 맞는 성능을 보이는 것으로 알려져 있습니다.
5159794,김치 콩비지찌개,맛/향/풍미,"고기에서 누린내가 심하지만, 맛있게 잘 먹을 수 있는 제품입니다. 부드럽고 맛있는 맛과 깔끔한 향이 좋았습니다."
5159794,김치 콩비지찌개,보관,"이 제품은 냉동실에 보관하는 것이 좋으며, 간편하고 편리해서 여러 개를 보관하고 싶어 재구매하는 제품입니다."
5159794,김치 콩비지찌개,양,양이 적다는 불만이 있습니다. 내용물이 적고 건더기가 부족해 담백한 음식으로 인해 불만이 있어요.
5159794,김치 콩비지찌개,포장/배송,물품은 스티로폼 부스러기가 많아 떨어지기도 하고 꼼꼼한 포장으로 꽁꽁 언 상태로 도착했습니다.
5144534,미소 된장국 (5개입),가격,"이 제품은 쿠폰으로 저렴하게 구입할 수 있는 장점이 있습니다. 하지만 가격이 비싼 편에 속하지만, 품질은 보통 수준입니다."
5144534,미소 된장국 (5개입),맛/향/풍미,내가 먹은 미역 된장국은 국내산 얼갈이 배추와 팽이버섯이 들어가 있어서 한국식 맛이 나고 좋았습니다. 맛이 무난하고 짭짤하지 않으며 건더기가 넉넉하고 맛이 자연스럽게 나서 만족스럽게 먹었어요.
5144534,미소 된장국 (5개입),보관,"제품은 마트에서 구입하기 어려울 때 컬리에서 찾을 수 있으며, 이전 제품보다 더 알차고 퀄리티가 향상되어 집에 보관하고 재구매합니다."
5144534,미소 된장국 (5개입),양,"이 물건은 양이 풍부하고 신선하며, 적당한 크기와 가벼움이 있어 편리합니다. 또한 건더기가 많고 다양한 재료가 들어 있어 맛있게 먹을 수 있습니다."
5144534,미소 된장국 (5개입),포장/배송,"제품은 깨끗하게 배송되었지만, 건조 식품이 냉장으로 포장되어 왔습니다."
5052664,소내장탕,가격,냉동 식품은 가격이 저렴하고 가성비가 좋은 편입니다.
5052664,소내장탕,맛/향/풍미,"곱창은 매콤하고 달달한 맛이 나며, 냄새도 적고 맛있게 먹을 수 있습니다. 내용물이 알차게 들어 있어 맛있게 먹을 수 있습니다."
5052664,소내장탕,보관,"냉동으로 보관하면 아이스팩 대용으로 사용할 수 있어 좋고, 언제든 냉동실에서 꺼내 먹을 수 있습니다."
5052664,소내장탕,양,그것은 양과 건더기가 많았습니다.
5052664,소내장탕,포장/배송,제품이 냉동 상태에서 깨져서 사용할 수 없게 되었습니다.
5037563,소고기 들깨 미역국,가격,"이 제품은 할인 시 재구매가 가능하며, 이마트와 비교했을 때 가격 대비 만족도가 높습니다."
5037563,소고기 들깨 미역국,맛/향/풍미,"들깨 미역국은 고소하고 부드러운 맛이 무난하게 좋아요. 진한 국물 맛이 괜찮고, 몇 번 시켜 먹으니 질리지 않는 맛이 있는 제품입니다."
5037563,소고기 들깨 미역국,양,"고기가 적절하지 않아 아쉬웠고, 소고기와 들깨의 양이 적게 들어가서 맛이 떨어졌습니다."
1000165798,본갈비탕 (냉동),가격,비비고 갈비탕은 가격이 비싼 편이지만 맛과 가성비가 좋은 음식이에요. 주말 특가로 저렴하게 구매했을 때 특히 가성비가 좋았습니다.
1000165798,본갈비탕 (냉동),맛/향/풍미,"갈비탕은 국물이 깊고 시원하며, 부드러운 쇠고기가 많아 편안한 식사로 좋습니다. 따뜻한 국밥과 함께 먹는 것이 좋으며, 간이 적어 소금이나 후추가 필요하지 않습니다."
1000165798,본갈비탕 (냉동),보관,이 제품은 냉동고에 잘 맞는 편리한 디자인을 가지고 있습니다.
1000165798,본갈비탕 (냉동),양,양이 적은데도 국물이 풍부한 음식입니다.
1000165798,본갈비탕 (냉동),포장/배송,"냉동 포장이 되어 있는 제품을 열었더니 얼어 있었고, 배송은 오후 9시부터 새벽 1시 사이에 완료된 것으로 보아 새벽 6시 20분에 도착한 것으로 추정됩니다."
5049761,알탕,맛/향/풍미,"이 제품은 알과 고니가 맛있으며, 오만둥이의 냄새로 인해 싱싱한 느낌이 있습니다. 국물은 얼큰하고 양념은 특이한 맛을 내며, 맛이 좋습니다."
5049761,알탕,양,"양이 풍부하고 푸짐한 음식이 많으며, 알과 고기를 다양하게 제공하고 있습니다."
5112153,보리새우아욱국,맛/향/풍미,"보리새우 아욱 국은 맛있는 국 중 하나로, 보리새우의 시원한 맛과 아욱의 맛이 어우러져 맛있습니다."
5112153,보리새우아욱국,보관,냉동 제품을 냉장고에 보관하면 비상시 식량으로 사용할 수 있습니다. 냉동 제품은 냉장고에 보관하면 맛과 생기를 유지하며 쟁여놓으면 편리합니다.
5112153,보리새우아욱국,양,양이 풍부하고 다양한 재료가 들어 있는 음식입니다.
5105613,한우 청국장찌개,맛/향/풍미,"이 제품은 해동해서 야채를 넣으면 맛있게 먹을 수 있으며, 끓여도 퍼석한 식감을 제공하며 국물 맛이 진하고 짠하지 않아요."
5105613,한우 청국장찌개,보관,"이 제품은 냉장고 보관에 적합하고, 가구에서 자주 찾게 되는 제품입니다."
5105613,한우 청국장찌개,양,"고기는 뼈가 붙어 있는 부분이 많고 냉동된 두부의 맛이 약간 이상하지만, 양수면 옥 제품은 일반적으로 콩이 적고 고기가 많고 두부도 많이 들어 있습니다. 재료의 양이 적당한 크기와 큼직한 사이의 균형을 이루고 있습니다."
5105613,한우 청국장찌개,포장/배송,"냉동 상품이 배송될 때 얼어 있어야 하는데요, 요즘 배송이 엉망입니다."
5070193,한끼든든 편안한 소고기뭇국밥 (리뉴얼),맛/향/풍미,"조아요는 맛있어 다시 샀고, 미역국은 맛있지만 살짝 짜서 물을 넣어야 합니다. 간편하고 맛있는 조아요는 소고기 국보다 더 좋은 맛이 나서 자주 먹습니다."
5070193,한끼든든 편안한 소고기뭇국밥 (리뉴얼),보관,"이 제품은 냉동실에 적합하며, 고객은 이를 자주 구입하여 냉동실에 보관하는 것을 권장합니다."
5070193,한끼든든 편안한 소고기뭇국밥 (리뉴얼),양,오늘 저는 양이 풍부하고 든든한 한 끼를 맛있게 먹었습니다.
5060056,들기름향 솔솔 고흥 미역국,맛/향/풍미,"이 미역국은 맛있고 진한 국물이 특징입니다. 미역이 부드럽고 향이 진하며, 기름이 많아 고소한 맛을 느낄 수 있어요."
5060056,들기름향 솔솔 고흥 미역국,양,"이 식품은 양이 많고 내용물도 많아 포장이 묵직하지만, 양은 적당하고 건더기는 풍성합니다."
5070031,우리아이 된장찌개,맛/향/풍미,된장찌개는 구수하고 맛이 진하지 않으며 야채가 적절하게 썰려 있습니다.
5070031,우리아이 된장찌개,양,"양이 많고 건더기가 많아서 두 끼 정도 먹을 수 있고, 양이 충분하고 먹기 편합니다."
5116403,차돌 짬뽕탕,맛/향/풍미,"이 제품은 맛있는 건 먹고 싶고 차돌박이가 들어 있어서 육개장처럼 국물이 진해 있습니다. 맛있는 반조리 제품 중 제일 맛있으며, 고기 누린내가 없이 진한 고기 국물이 특징입니다."
5116403,차돌 짬뽕탕,보관,냉동으로 보관하면 편리한 보관 방법으로 재구매가 용이합니다.
5116403,차돌 짬뽕탕,양,"양은 1인분 정도로 적당하고, 건더기가 많아 두 명이 먹을 수 있는 양이 됩니다. 내용물이 충분하고 고기와 양파가 더 들어 있어 좋고, 국물은 작지만 건더기가 많아 양이 충분합니다."
5116403,차돌 짬뽕탕,포장/배송,"배송된 일부 냉동 상품이 녹지 않았고, 다른 일부가 녹아 나와 일부 불량 상품 교환 경험이 여러 번 있었으며, 교환된 일부 냉동 신선식품도 불량이었다고 고객이 알려했습니다."
5063932,고기듬뿍 아롱사태 곰탕,가격,품질은 좋았고 가격도 저렴했습니다.
5063932,고기듬뿍 아롱사태 곰탕,맛/향/풍미,곰탕은 맛이 좋고 담백하고 시원합니다. 담백하고 깔끔한 국물과 부드러운 고기가 맛있는 곰탕입니다.
5063932,고기듬뿍 아롱사태 곰탕,양,"고기는 부드럽고 많았으며, 양은 적당했습니다. 푸짐하고 쫄깃한 고기가 든든한 아침 식사로 적합했습니다."
5063932,고기듬뿍 아롱사태 곰탕,포장/배송,"상품은 잘 왔습니다. 컬리 배송이 좋았으며, 포장과 배송이 완벽했습니다."
5031817,한우사골 고기곰탕,맛/향/풍미,"국물이 고소하고 담백한 맛이 좋고, 고기는 질기가 적고 얇아 아이가 잘 먹는 곰탕입니다."
5031817,한우사골 고기곰탕,양,양이 많지 않은 점이 아쉬웠습니다.
1000023234,한우 소고기 미역국,가격,할인 없으면 구매 의사 없어요. 세일 중인 제품은 양이 많으니 쟁여두면 좋을 것 같아요.
1000023234,한우 소고기 미역국,맛/향/풍미,"이 음식은 기대에 미치지 못했지만, 부드럽고 깊은 맛이 있어 좋았습니다. 기름기가 적고 간이 적절하여 맛있었습니다."
1000023234,한우 소고기 미역국,보관,"이 제품은 오래 보관하기에 적합한 냉동 제품이며, 쟁여두면 언제든지 사용할 수 있습니다."
1000023234,한우 소고기 미역국,양,양이 적절하고 미역 건더기가 풍부한 양수면 옥이 맛있었습니다.
1000023234,한우 소고기 미역국,포장/배송,"드라이아이스는 정상적으로 도착했지만, 미역구게는 구멍이 뚫려서 내용물이 흘러내렸습니다. 제품은 빠르게 배송되었지만, 문제가 있었습니다."
5030630,소고기 버섯 전골,가격,이 제품의 가격이 비싸다는 것을 알 수 있습니다.
5030630,소고기 버섯 전골,맛/향/풍미,"맛은 개운하고 시원하며 담백하고 맛있으며, 국물도 담백하고 푹 익힌 후 맛있게 먹었습니다. 재료는 신선하고 맛이 좋아 건강한 맛이 나며 간이 삼삼한데도 맛있어요."
5030630,소고기 버섯 전골,양,"야채도 세척이 편리하고, 고기 추가로 푸짐하게 먹을 수 있었습니다. 그러나 2인분으로는 고기 양이 적은 점이 아쉬웠습니다."
5030630,소고기 버섯 전골,포장/배송,포장 용기 뚜껑이 깨져서 내용물에 파편이 들어간 문제가 발생했습니다. 고객 서비스팀이 빠르게 대응하여 문제를 해결해 주었습니다.
5112149,뼈없는 감자탕,가격,가성비 좋은 제품을 6900원에 구입했습니다. 이 가격은 맛집 감자탕보다도 저렴한 편입니다.
5112149,뼈없는 감자탕,맛/향/풍미,고기는 부드럽게 찢어지고 국물은 중독적인 맛이며 우거지는 든든합니다. 고기는 퍽퍽하고 맛있으며 국물은 매콤한 맛이 있습니다.
5112149,뼈없는 감자탕,양,고기 양이 많고 뼈가 없어요.
5112149,뼈없는 감자탕,포장/배송,제품의 포장 상태가 매우 나쁘게 왔습니다.
5034022,참치김치찌개,맛/향/풍미,"김치 건더기는 짠맛이 강한 편이지만 물을 넣으면 맛있게 잘 먹을 수 있습니다. 기본 베이스인 김치 건더기는 맛있고, 찌개처럼 끓이면 더 맛있으며 참치도 진하고 강한 맛이 있어 물을 넣어 끓여도 괜찮습니다."
5034022,참치김치찌개,양,김치 건더기가 많고 두부는 적게 들어 있는 음식입니다. 국물도 적당히 많고 참치는 적당히 들어 있지만 양이 적습니다.
5034022,참치김치찌개,포장/배송,포장 상태가 불량으로 인해 국물이 다른 제품에 묻어 기름기가 묻어있어 불편했습니다.
1000128433,갈비탕 730g,가격,"이 제품은 믿고 산 후 실망스러운 경험이였습니다. 재구매 의사는 있지만, 가격에 비해 품질이 약간 부족한 느낌이었습니다."
1000128433,갈비탕 730g,맛/향/풍미,"대파가 듬뿍 들어간 국물이 야채를 좋아하는 분들에게 매력적이지만, 국물이 심심하다는 단점이 있습니다. 고기는 품질이 좋지만 국물이 더 얼큰해졌으면 좋았을 것 같습니다."
1000128433,갈비탕 730g,양,"양이 적은 갈비탕입니다. 크기가 큰 갈비 2대와 고기 3점이 들어있고, 기름이 많아 기름끼가 힘들어합니다."
1000128433,갈비탕 730g,포장/배송,갈비탕을 준비하는 과정에서 플라스틱 조각이 발견되었습니다. 이를 방지하기 위해 관리에 협조해 주시기를 바랍니다.
5044657,온달 육개장,가격,품질과 맛은 평범했지만 비싼 편에 속했습니다.
5044657,온달 육개장,맛/향/풍미,"맛은 무난했고, 국물이 맑고 담백하여 좋았습니다. 담백하고 개운하며 따뜻하게 먹을 수 있는 맛을 즐길 수 있었습니다."
5044657,온달 육개장,보관,오랫동안 즐겨 먹던 제품을 저렴한 가격에 구입하여 보관하기로 결정했습니다.
5044657,온달 육개장,양,양이 적당하고 재료가 풍부하지만 건더기와 고기가 부족한 편입니다.
1000047951,옹심이 들깨 수제비(2인분),가격,겨울에는 세일이 거의 없다는 것이 조금 아쉬운 점입니다.
1000047951,옹심이 들깨 수제비(2인분),맛/향/풍미,이 칼국수는 들깨의 고소한 맛이 좋으며 국물은 맛있지만 옹심이는 별로입니다.
1000047951,옹심이 들깨 수제비(2인분),보관,"이 제품은 떨어진 후 냉동실에 보관하면 맛이 유지되며, 겨울철에는 냉동 후에도 먹을 수 있습니다."
1000047951,옹심이 들깨 수제비(2인분),양,양이 많아 4명이 한 그릇씩 먹을 수 있습니다.
1000047951,옹심이 들깨 수제비(2인분),포장/배송,파스타와 들깨 칼국수는 배송 시 즉시 먹을 수 있는 상태로 보내졌습니다. 재 냉동이 불가능하여 신선한 상태를 유지하기 위해 즉시 소비하는 것을 권해 드립니다.
1000239341,참이맛감자탕,가격,"제품의 가격이 상승했지만 품질이 향상되었고, 가성비는 뛰어나지만 할인 없이는 구매를 고려하지 않을 것 같습니다."
1000239341,참이맛감자탕,맛/향/풍미,고기는 부드럽고 국물도 짜거나 자극적이지 않은 맛이 좋았습니다. 감자탕 집에서 먹는 맛을 느낄 수 있는 맛이 깔끔했습니다.
1000239341,참이맛감자탕,양,"양이 부족한 리뷰: 건더기 양이 조금 아쉬웠어요. 내용물도 이바돔보다 부실합니다.

양이 적당한 리뷰: 우거지가 충분히 들어 있어서 깜짝 놀랐어요. 양도 넉넉해서 2끼 먹을 수 있어요."
1000239341,참이맛감자탕,포장/배송,냉동 제품을 종이 백에 넣어 주신 것을 확인했습니다. 끝 부분이 녹아 있어서 박스 포장해 주시면 좋을 것 같습니다.
5125749,차돌 된장찌개 460g,맛/향/풍미,"비비고 제품은 청양고추를 더 넣으면 국물이 진하고 맛있는 편입니다. 간이 세서 물을 추가해야 하지만, 매콤하고 고소한 맛이 강하고 표고버섯과 함께 짜지 않고 맛이 잘 맞습니다."
5125749,차돌 된장찌개 460g,보관,"이 제품은 비상용으로 구입하는 것이 좋으며, 유통기한이 긴 제품을 구입하고 실온에서 보관하는 것이 좋습니다."
5125749,차돌 된장찌개 460g,양,양이 풍부하고 다양한 재료를 넣을 수 있어 맛이 좋아집니다.
5125749,차돌 된장찌개 460g,포장/배송,"제품은 아이스박스에 담겨 왔는데, 제품끼리 부딪쳐서 찟긴 자국이 생겨서 닦아내야했습니다. 제품은 개별로 포장되어서 편리했고, 드라이아이스로 보관되어서 안정적으로 보관되었습니다."
1000071857,양지설렁탕 (냉동),가격,"이 제품은 가격이 조금 있지만, 세일 때 구입하면 좋습니다. 맛은 만족스럽지만, 비싼 편입니다."
1000071857,양지설렁탕 (냉동),맛/향/풍미,"고기는 얇고 맛있으며, 국물은 달짝지근하고 구수한 맛을 가지고 있습니다."
1000071857,양지설렁탕 (냉동),보관,"이 제품은 주로 떡국 베이스로 사용하기 위해 자주 구매하여 냉동실에 보관하고, 냉동실 비상식량으로도 구입하며 세일할 때마다 재구매합니다."
1000071857,양지설렁탕 (냉동),양,고기 양이 풍부하고 든든합니다. 양이 많아 한 끼하기 좋지만 갈비탕 3개와 함께 먹으면 골고루 즐길 수 있습니다.
5083000,추어탕,가격,"이 상품은 만족스럽게 사용했으며, 저렴한 가격에 맛있게 즐길 수 있어서 좋았습니다."
5083000,추어탕,맛/향/풍미,"추어탕은 맛이 깔끔하고 고소해서 먹을 만합니다. 집에서 된장과 합치면 더 맛이 좋고, 가시와 냄새가 없으며 여름에 몸보신에 좋습니다."
5083000,추어탕,보관,추어탕을 편하게 마켓컬리에서 구매할 수 있어서 좋습니다. 추어탕을 자주 구매하고 냉장고에 넣어두면 재구매 의사가 생기기 때문입니다.
5083000,추어탕,양,"추어탕은 초 3 아이가 좋아하는 음식으로, 식구들이 좋아하는 건더기가 많습니다. 한 끼 식사로 든든한 음식입니다."
5061780,사골 황태미역국,가격,일일 특가로 국탕 3종을 구입해 만족스러운 결과를 얻었습니다. 이번에도 국탕 3종을 재구매할 예정입니다.
5061780,사골 황태미역국,맛/향/풍미,"황태 미역국은 맛있고 담백한 맛을 느낄 수 있어요. 맛있는 육개장 맛있다고 소개 받고 먹어 본 후, 구수하고 맛나고 영양도 좋은 맛입니다."
5061780,사골 황태미역국,양,"황태의 가시가 문제가 되고, 미역도 적게 들어가고 있습니다."
5061780,사골 황태미역국,포장/배송,제품 두 개가 모두 파손된 상태로 도착하였습니다. 배송 과정에서 보관이 잘못되었거나 비닐 포장이 문제가 있어 내용물이 손상되었습니다.
1000237244,황태 곰탕,맛/향/풍미,"진한 황태 해장국은 국물이 시원하고 맛있으며, 황태가 부드럽게 먹을 수 있습니다. 특히 콩나물과 대파를 넣으면 맛이 풍부하고, 속이 편안해지는 해장국으로 추천합니다."
1000237244,황태 곰탕,보관,냉동실에 넣기 좋은 해장템은 크기가 작은 것들이 적합합니다. 2-3 개를 쌓아두면 공간이 충분히 낭비되지 않습니다.
1000237244,황태 곰탕,양,황태 국은 진한 국물과 건더기가 많은 편입니다. 사이드 국으로 먹으면 23인까지 충분히 먹을 수 있어요.
1000237244,황태 곰탕,포장/배송,해동하면 국물이 봉투에서 빠져나와서 몇 개 버렸습니다. 앞으로도 계속 주문할 예정이기 때문에 기계 점검을 부탁드립니다.
5082998,소고기무국,맛/향/풍미,이 국은 푹 고은 국물 맛이 좋으며 맛은 괜찮지만 깔끔하지 않습니다.
5082998,소고기무국,양,고기는 실제보다 적고 부스러기 같지만 무와 소고기는 양이 많습니다.
1000134525,황태해장국 700g,가격,"품질이 기대와 큰 차이를 보이는 문제가 있으며, 비슷한 제품과 비교했을 때 퀄리티가 떨어지는 문제가 있습니다."
1000134525,황태해장국 700g,맛/향/풍미,"비린 맛이 있었지만, 비린내가 심해 조미료 맛이 사라져 깔끔한 맛에 놀랐습니다. 비린내가 심하고 짠다는 단점이 있지만, 맛이 좋고 간이 적당한 데서 장점이 있습니다."
1000134525,황태해장국 700g,보관,"냉동 보관이 편리하다는 점은 좋지만, 제품의 품질이 떨어지는 두 가지 문제가 있습니다."
1000134525,황태해장국 700g,양,"양이 적은데 7000원에 비해 내용이 부실하다는 느낌이 들지만, 한 끼 식사로 든든하게 먹을 수 있어서 좋았습니다."
1000134525,황태해장국 700g,포장/배송,"포장 상태가 좋지 않았지만, 빠른 배송이 마음에 들었습니다."
5116406,우리집 순두부찌개,가격,"이 제품은 저렴한 가격에 구입했으며, 가격이 비싸지는 않지만 품질이 훌륭합니다."
5116406,우리집 순두부찌개,맛/향/풍미,"순두부찌개는 국물이 맛있고 몽글몽글하며 약간의 매운 맛이 있습니다. 국물이 짜서 물을 넣으면 더 맛있게 느껴지는데, 계란을 깨뜨려 먹으면 더욱 맛있답니다."
5116406,우리집 순두부찌개,양,양이 적절하고 두부가 깨져 있지만 가루로 된 상태입니다.
5116407,정갈한 소고기 미역국,맛/향/풍미,"미역국은 깔끔하고 맛있는 국입니다. 맛있는 미역이 들어 있어 좋고, 어머니가 끓여주신 맛이 나며 시원한 국물이 있습니다."
5116407,정갈한 소고기 미역국,보관,"이 제품은 냉장 보관이 가능하여 언제든지 먹을 수 있어 편리한 장점이 있습니다. 또한, 비상용으로 구입했으며 유통기한이 길어 장점입니다."
5116407,정갈한 소고기 미역국,양,국물이 조금 더 많았으면 좋았을 것 같습니다. 양이 풍부한 미역과 적당한 양의 건더기는 좋았지만 고기가 조금 부족했습니다.
5057898,소고기 무국,맛/향/풍미,소고기 무국은 맛있고 입에 잘 맞는 음식입니다. 맛있는 재료로 만들어져서 종종 구입하는 음식입니다.
5057898,소고기 무국,보관,냉동고에 비상 식품을 보관하면 마음이 든든합니다. 비상 식품을 냉동실에 보관할 때 냉동고를 사용하는 것이 좋습니다.
5057898,소고기 무국,양,양이 적다는 점을 불만으로 느끼신다.
5057898,소고기 무국,포장/배송,"냉동식품이 녹아 있었고, 배송이 늦어져 불편했습니다. 제품은 부울경에서 8시로 도착하여 봉지 상태는 문제가 없었습니다."
5152913,근대 된장국 700g,맛/향/풍미,"이 제품은 정갈하고 담백한 국으로, 싱겁지만 건강해지는 맛이 좋았습니다. 좋은 재료로 끓여져서 자연스럽고 부담없는 맛이 좋았습니다."
5152913,근대 된장국 700g,보관,"냉동실에 냉동해두면 급할 때 쉽게 사용할 수 있고, 미리 하루 전해두면 비상 상황에 대비할 수 있습니다."
5152913,근대 된장국 700g,양,이 국은 양이 풍부하고 건더기도 적절히 포함되어 있습니다.
5152913,근대 된장국 700g,포장/배송,제품은 플라스틱 비닐 조각과 육수에 대한 문제를 가지고 있습니다.
5027026,우삼겹 강된장,가격,상품은 양이 많아 비싼 게 아니지만 가격이 높을 때는 특별히 할인하는 경우가 많습니다.
5027026,우삼겹 강된장,맛/향/풍미,"이 제품의 매콤한 맛이 좋습니다. 가족 모두가 좋아하고, 강된장도 맛있게 먹을 수 있습니다."
5027026,우삼겹 강된장,보관,강된장 강츄는 여름 동안도 맛이 떨어지지 않습니다. 여름철에는 약간의 텀을 두고 구매하는 것이 좋습니다.
5027026,우삼겹 강된장,양,"강된장에 양파와 애호박, 땡초를 넣으면 양이 적은 것처럼 보이지만 실제로 양이 많고, 비계가 보이지 않아 기분 나쁘다는 단점을 보완하는 조합입니다."
5027026,우삼겹 강된장,포장/배송,제품이 너무 많아 복불복으로 오거나 다 터져서 왔습니다. 또한 다른 제품에 묻어서 일거리가 생기는 문제가 있습니다.
5075636,마늘 닭도리탕,가격,이 상품은 17000원에 판매되지만 품질이 저조합니다. 가격이 비싼 편이지만 저렴하지도 않습니다.
5075636,마늘 닭도리탕,맛/향/풍미,"맛은 밍밍하고, 고기도 오래된 맛에 삭았으며, 국물도 맵기만합니다. 하지만 매운 맛이 심하고, 감칠맛이 없으며, 양념이 배어 있지 않습니다."
5075636,마늘 닭도리탕,양,"양이 적고, 닭이 작아 보였으며, 털도 손질이 안 된 채로 나와서 놀랐습니다."
5075636,마늘 닭도리탕,포장/배송,"포장 상태가 좋지 않아 불쾌했습니다. 국물이 가득한 봉지와 이물질, 갈라진 떡, 새는 국물 등 여러 문제가 있었습니다."
1000071859,양지곰탕 (냉동),가격,마트에서 파는 것보다 저렴하게 구매하여 만족합니다.
1000071859,양지곰탕 (냉동),맛/향/풍미,"진하게 우려낸 미원의 짠맛 조미료 맛이 있지만, 갈비탕보다 맛이 떨어집니다. 국물은 맑고 깔끔하지만, 간이 세고 고기는 질기며 퍽퍽합니다."
1000071859,양지곰탕 (냉동),보관,냉동실에 넣어두면 아이들 반찬으로 좋을 것 같아요. 세일 때 쟁여두면 오래 먹을 수 있습니다.
1000071859,양지곰탕 (냉동),양,"이 음식은 양이 충분하고 맛있으며, 고기가 많아 1인분으로 적당한 양을 제공합니다."
1000071859,양지곰탕 (냉동),포장/배송,시골 엄마께 보낸 당면은 잘 받았습니다. 배송은 잘되어서 좋았습니다.
5035810,어린이 한우 나주 곰국,맛/향/풍미,아기와 입 짧은 조카가 맛있게 먹고 가족 모두가 잘 먹었습니다. 건강한 맛의 떡 만두국과 나주 곰국이 맛있었습니다.
5035810,어린이 한우 나주 곰국,보관,"이 제품은 개별 포장되어 있어 편리합니다. 또한, 세일할 때 미리 쟁여두면 좋을 것 같아요."
5035810,어린이 한우 나주 곰국,양,국물이 매끄러운 이 국물은 건더기가 없는 편리한 팩으로 제공되어 1인 가구에 적합합니다.
5035810,어린이 한우 나주 곰국,포장/배송,냉동 제품은 빠른 배송과 함께 컬리백이 담긴 종이 상자로 안전하게 도착했습니다.
5072981,한방 반계탕,가격,삼계탕은 질이 만족스럽지 않아도 세일 때 저렴하게 구매하여 만족하는 편입니다. 가게에서 먹는 삼계탕은 가격이 비싸지만 맛이 괜찮은 편입니다.
5072981,한방 반계탕,맛/향/풍미,"닭 냄새가 없는 국물과 쫀득한 찹쌀 밥이 매력적이었지만, 국물이 찐득하고 고기가 냄새가 나서 아쉬웠습니다."
5072981,한방 반계탕,보관,해동이 필요 없는 냉장 제품을 추천합니다. 하지만 바로 먹지 않으면 이틀 후에 끓여도 이미 맛이 상해질 수 있으니 바로 드실 때만 추천합니다.
5072981,한방 반계탕,양,"밥이 많고 맛있으며, 반 마리 들어있는 닭과 함께 한 그릇으로 충분한 반계탕입니다. 기운나는 맛과 든든한 밥으로 한 끼 먹기에 적합합니다."
5072981,한방 반계탕,포장/배송,"키친타월을 사용한 후에 하얀색의 쓰레기가 나왔습니다. 또한, 머리카락이 나와서 화가 났고, 살과 껍질 사이에 박혀있는 문제가 발견되었습니다."
5031054,토종 순대국,가격,이 음식은 가격에 비해 맛과 양이 만족스러웠습니다. 가격이 저렴한 편입니다.
5031054,토종 순대국,맛/향/풍미,"이 순대국은 맛이 좋고 냄새가 나지 않으며, 뻣뻣하지 않은 순대 고기가 들어간 깔끔하고 맛있는 국물로 이루어져 있습니다."
5031054,토종 순대국,보관,이 제품은 냉동 후 다시 사용할 수 있습니다.
5031054,토종 순대국,양,"이 음식은 양이 풍부하고 맛이 좋으며, 머릿고기와 건더기가 푸짐하고 내용물이 많습니다. 또한 내장과 순대, 고기가 함께 들어있어 맛과 질이 좋은 음식입니다."
5031054,토종 순대국,포장/배송,오전 4시에 도착한 물품의 아이스팩이 물이 돼서 식품이 녹아 있었습니다. 배송 시간을 알려주시면 감사하겠습니다.
5097094,소고기 샤브탕,맛/향/풍미,"이 음식은 맛이 좋고 담백하며, 야채와 고기가 부드럽게 들어 있어 먹기 좋습니다. 그러나 고기 냄새가 강하고 기본 고기가 질겨서 단점이 있습니다."
5097094,소고기 샤브탕,보관,한 팩 정도 비상용으로 사두면 좋을 템입니다.
5097094,소고기 샤브탕,양,양이 풍부하지만 채소가 부족하고 고기가 질기지만 양이 적다는 점이 있습니다.
5097094,소고기 샤브탕,포장/배송,"배송 받은 상품을 꺼내어보았는데, 얼려 있던 상태에서 모서리가 찢겨져서 일부가 흘러나온 문제가 있었습니다."
5116405,쟌슨빌 부대찌개,가격,"컬리 9주년 행사로 저렴하게 구입한 제품은 신랑과 함께 맛있게 먹을 수 있었고, 집안 청소와 휴일 노동, 전기 및 냉장고 청소, 쓰레기 처리 비용 등 다양한 비용과 스트레스에 대한 보상을 제공했습니다. 저렴한 가격으로 구입하여 보관할 수 있는 제품을 구입할 수 있었습니다."
5116405,쟌슨빌 부대찌개,맛/향/풍미,"부대찌개는 맛있고 편한 음식입니다. 햄과 스팸 슬라이스, 페퍼로니, 쟌슨 빌 소시지를 넣어 맛있게 즐길 수 있으며, 뜨끈한 국물과 진한 국물 맛이 좋습니다."
5116405,쟌슨빌 부대찌개,보관,오전 내내 냉장고 청소에 고생했습니다. 특히 계란 물이 묻은 식품들을 청소하는 데 시간이 오래 걸렸습니다.
5116405,쟌슨빌 부대찌개,양,햄이 많아서 놀랐어요. 양이 적으신 분은 여자 성인 2명도 충분히 먹을 수 있어요.
5116405,쟌슨빌 부대찌개,포장/배송,포장 상태가 좋았으며 배송 과정에서 문제가 없습니다.
5052864,차돌 청국장,맛/향/풍미,"이 제품은 맛이 좋고 구수한 옛날 맛을 느낄 수 있어 좋습니다. 맛은 무난하고, 짜지 않고 맛있으며, 당근이 너무 맛있어 좋습니다."
5052864,차돌 청국장,보관,"저는 냉동고를 사용하는 방법에 대해 의견을 말씀드리겠습니다.

냉동고를 사용하는 방법은 냉장고에 두고 해동하거나 미지근한 물을 흐르게하면서 해동시키는 것이 좋습니다."
5052864,차돌 청국장,양,청국장에 건더기가 부족한 점이 아쉬웠습니다.
5114695,성산포바당 제주 고사리 육개장,맛/향/풍미,"제주도에서 먹던 고사리 육개장을 떠올려주는 건강한 맛과 걸쭉한 맛을 제공하며, 걸쭉하고 삼삼한 맛이 있으며, 고소하고 진한 맛이 있어 좋아요."
5114695,성산포바당 제주 고사리 육개장,보관,이 제품은 밀 키트 중에서 가장 유사한 제품이 많아 할인 시 자주 구매하여 보관하는 인기 제품입니다.
5114695,성산포바당 제주 고사리 육개장,양,파가 들어간 제품은 선호하는 색감과 풍부한 고사리가 특징입니다. 12인분으로 제공되지만 실제로는 1인분으로 느껴질 정도로 양이 많습니다.
1000128848,남포동식 얼큰 돼지국밥 800g,가격,"상품은 가성비가 좋았으며, 저렴한 가격으로 구입할 수 existed하는 이벤트가 좋았습니다."
1000128848,남포동식 얼큰 돼지국밥 800g,맛/향/풍미,"이 음식은 맛있는 짠맛과 매콤함이 있지만, 얼큰한 맛과는 약간 다르며 김칫국 같은 느낌의 순대국 밥입니다. 국물이 깔끔하고 맛있으며, 고기는 퍽퍽하고 맛있지만 뻑뻑합니다."
1000128848,남포동식 얼큰 돼지국밥 800g,보관,"이 제품은 매우 만족스럽습니다. 제품을 종종 구매할 것 같으며, 다음에도 다시 구매할 예정입니다."
1000128848,남포동식 얼큰 돼지국밥 800g,양,"양이 풍부하고 푸짐한 국밥을 시켰는데 만족스럽습니다. 양과 건더기, 고기가 모두 넉넉합니다."
1000128848,남포동식 얼큰 돼지국밥 800g,포장/배송,"상품 3 개가 도착했지만, 한 개가 찢어져서 냉동 상태로 발견되었습니다. 배송은 좋았으며, 포장은 꼼꼼히 확인해주신다면 다음부터도 감사하겠습니다."
5059007,동태탕,가격,이 제품은 만족도가 높아 재구매를 고려하는 제품으로 보입니다. 함께 사용한 사람도 만족해 재구매 의사를 밝히고 있기 때문입니다.
5059007,동태탕,맛/향/풍미,"동태국은 시원하고 얼큰한 맛이 좋았습니다. 그러나 냉동 야채로 인해 국물의 맛이 부족했고, 동태는 싱싱하고 칼칼했지만 부서지지 않았습니다."
5059007,동태탕,보관,제품의 보관 방법에 대한 고객의 의견은 다음과 같습니다.
5059007,동태탕,양,냉동 동태는 야채가 적다는 점이 불만입니다. 하지만 양이 많고 국물이 시원해서 맛있다는 장점이 있습니다.
5069790,이문 설렁탕,가격,"이 제품은 가격이 저렴하지만 품질이 좋지 않아 다시 사지 않는다면 좋을 것 같지만, 비용 대비 좋은 제품인 만큼 만족합니다."
5069790,이문 설렁탕,맛/향/풍미,설렁탕의 고기는 질기고 살짝 질기지만 국물은 깔끔하고 맛있으며 뽀얀 국물이 진해 맛있어요.
5069790,이문 설렁탕,양,고기가 많고 양도 충분하여 한 그릇으로 충분히 먹을 수 있습니다.
5069790,이문 설렁탕,포장/배송,포장 상태가 좋았으며 빠른 배송으로 고객이 만족했습니다.
5031266,배추된장국,가격,품절이 자주 발생하는 제품은 재구매를 위해 알람 신청이 번거롭고 비용이 많이 들고 불편합니다.
5031266,배추된장국,맛/향/풍미,배추 된장국은 보통의 맛을 가지고 있지만 항상 맛있는 정미경을 키운 맛이 있습니다.
5031266,배추된장국,보관,정미경 키친 국은 냉장 보관이 편리하고 주기적으로 구매할 수 있게 냉동 제품으로 출시하면 좋을 것 같아요.
5031266,배추된장국,양,"배추는 한 끼로 두 명이 먹기 넉넉한 양입니다. 하지만 잎이 커서 먹기 불편하고 건더기가 적어 더 넣어 먹어야 하며, 크게 썰어져 있어 두세 번 나눠 먹어야 합니다."
1000023236,한우 우리콩 비지찌개,맛/향/풍미,맛은 좋아요. 비지찌개는 맛집 가서 먹는 것과 비슷한 맛과 질감이 있는 비지찌개입니다.
1000023236,한우 우리콩 비지찌개,보관,"냉동 후 45일 냉장고에 보관해도 맛이 가는다는 고객의 의견이 있지만, 실제로는 12일 이내에 먹는 것이 좋습니다."
1000023236,한우 우리콩 비지찌개,양,양은 양호하고 비지가 적습니다.
1000023236,한우 우리콩 비지찌개,포장/배송,배송은 잘 되었지만 아이스팩이 깨져서 왔습니다.
5114062,소고기 순두부 찌개,가격,이 상품은 두부가 외국산이라는 장점이 있지만 가격이 비싼 것 같아 아쉽습니다.
5114062,소고기 순두부 찌개,맛/향/풍미,"이 음식은 맛이 있으나 냄새가 강하고 마늘을 많이 넣었기 때문에 북청동 순두부찌개와 비슷한 맛이 나며, 영양가가 높은 순두부를 사용하여 맛이 좋습니다."
5114062,소고기 순두부 찌개,보관,컬리에서 주문할 때마다 고객들이 반복적으로 구매하는 인기 품목입니다.
5114062,소고기 순두부 찌개,양,양은 적지만 맛이 좋고 적절한 양입니다.
5114062,소고기 순두부 찌개,포장/배송,"지난 주문에서 문제가 발생했습니다. 소고기 순두부는 해물이 들어있었습니다. 또한, 주문한 항목인 송이버섯이 누락되었고, 배송 상태가 좋지 않았습니다."
5005071,돼지고기 김치찌개,맛/향/풍미,맛있는 음식을 맛있게 먹었습니다.
5005071,돼지고기 김치찌개,양,"한 끼 식사 국은 든든하지만 건더기가 부족했습니다. 국에는 신선하고 많은 고기가 들어 있었고, 얼린 채도 적절히 들어 있었지만 내용물이 조금 적었습니다."
5131921,맑은곰탕,가격,제품의 가격이 저렴하면서도 가성비가 좋은 제품을 구입했습니다.
5131921,맑은곰탕,맛/향/풍미,곰탕은 뜨끈한 국물이 생각나서 적당한 간이 좋았습니다. 맛있게 익은 김장 김치와 함께 먹으면 더욱 맛있었습니다.
5131921,맑은곰탕,보관,"이 제품은 냉동 후에도 맛이 유지되고, 언제든지 먹을 수 있는 편리함으로 인해 재구매가 잦습니다."
5131921,맑은곰탕,양,고기는 많고 푸짐하고 부드럽게 먹기 좋습니다.
5131921,맑은곰탕,포장/배송,"포장은 잘못된 상태였습니다. 구멍이 뚫려 국물이 흘러나왔고, 포장이 터져서 왔습니다."
5159353,전통 육개장(900g),가격,컬리와 진실된 손맛을 선택해 재구매 의사가 있어요. 가격이 저렴하고 양도 충분해서 가성비가 좋은 제품입니다.
5159353,전통 육개장(900g),맛/향/풍미,"육계장은 진한 국물 맛이 특징이며, 담백하고 맵기 적절한 맛을 가지고 있습니다."
5159353,전통 육개장(900g),보관,제품을 냉동고에 보관하는 것을 추천합니다. 제품을 냉동고에 넣으면 간편하게 드실 수 있습니다.
5159353,전통 육개장(900g),양,양이 많고 건더기도 풍부한 음식이 한 끼 식사에 적합합니다.
5159353,전통 육개장(900g),포장/배송,해동 후 국물이 새어 나는 문제와 포장지가 찢어지는 문제가 발생했습니다. 고객은 포장지가 약하고 냉장고 청소가 필요하다는 의견을 피드백했습니다.
1000347300,사골 떡 만둣국 (2인분),가격,"이 제품은 가격 대비 구성이 좋고, 가성비가 뛰어나 1인분 5천원에 저렴한 가격에 구입할 수 있습니다."
1000347300,사골 떡 만둣국 (2인분),맛/향/풍미,"이 제품은 맛있고 만족스러운 제품입니다. 국물이 진하고 구수하며, 만두와 떡이 쫄깃하고 맛있으며, 모든 요소가 적절한 느낌을 주는 제품입니다."
1000347300,사골 떡 만둣국 (2인분),보관,제품을 냉동 상태에서도 맛있게 먹을 수 있다는 고객의 리뷰입니다. 제품의 맛과 품질이 만족스럽다는 고객의 리뷰입니다.
1000347300,사골 떡 만둣국 (2인분),양,"만두와 떡의 양이 생각보다 많았으며, 양이 넉넉해서 2인분으로 충분히 먹을 수 있었습니다."
5125750,소고기무국 500g,맛/향/풍미,"이 제품은 기대 이상으로 맛이 좋으며, 냄새도 없고 입맛을 자극하는 맛이 있습니다. 왕실 망 국물과 비비고 국은 모두 신선하고 적절한 간을 맞추어 맛이 좋은 제품입니다."
5125750,소고기무국 500g,보관,실온 보관은 편리합니다.
5125750,소고기무국 500g,양,"양이 적당하고, 건더기가 적은 편입니다. 무가 많고 고기 양도 적지 않아 맛있게 먹을 수 있습니다."
1000198908,우거지 감자탕,가격,"감자탕을 저렴한 가격에 구입한 후 후회했습니다. 저렴한 가격에 1인분으로 생각했지만, 실제로는 양이 적어 설거지도 않으며 김치도 못 먹게 됩니다."
1000198908,우거지 감자탕,맛/향/풍미,"감자탕은 맛이 좋지만, 국물이 많아 아쉬운 점이 있고, 이바돔 감자탕은 고기가 질김한 문제가 있습니다."
1000198908,우거지 감자탕,보관,"냉동 상태에서 해동하지 못하고 오래 조리하는 문제가 있지만, 할인할 때 쟁여두기 좋은 제품입니다."
1000198908,우거지 감자탕,양,양은 1인분보다 조금 많지만 15인분 2봉사로 3인 식구가 먹기에는 적당합니다. 내용물은 양과 맛이 풍부하고 뼈와 우거지가 적절하게 들어있다.
5123141,옛날 한우 육개장 500g,가격,이 상품은 한우를 사용한 고급 육개장으로 비싼 편입니다.
5123141,옛날 한우 육개장 500g,맛/향/풍미,이 음식은 맛이 깔끔하고 묵직하며 맵지 않습니다. 조미료가 들어가지 않아 옛날 육개장 맛이 나서 좋습니다.
5123141,옛날 한우 육개장 500g,보관,"이 제품은 맛이 좋으며, 유통기한이 지난 후 냉장고에 보관하는 것이 좋습니다. 가을에는 육개장을 사서 보관하는 것이 적절합니다."
5123141,옛날 한우 육개장 500g,양,양이 적지만 가족과 함께 먹기 적절한 양입니다. 건더기는 적절히 들어있고 한우 고기와 느타리 토란 대 고사리 조각이 풍부하게 들어있습니다.
5123141,옛날 한우 육개장 500g,포장/배송,"냉동 제품을 식당에서 먹는 맛은 아닐 수 있지만, 일부 제품이 녹아서 왔습니다. 다행히도 제품이 터진 건 아니지만, 다른 제품도 모두 녹아 있어 먹어야 하는 상황이었습니다."
1000237311,나주식 한우 곰탕,맛/향/풍미,곰탕이 구수하고 깔끔하여 좋아요. 맛은 깔끔하고 깊은 감칠맛이 느껴지는 맛이 있습니다.
1000237311,나주식 한우 곰탕,보관,"곰탕을 한 개만 사서 맛본 후에 특가 때 6개를 냉동실에 보관했습니다. 냉동실에 공간이 없어서 더 사지 못했지만, 다음 번에도 곰탕을 미리 쟁여야겠다고 생각했습니다."
1000237311,나주식 한우 곰탕,양,양은 두 명이서 먹기에는 조금 적은 편입니다. 고기는 한우로 56점이며 토실토실하고 보드랍지만 조금 더 들어가면 좋습니다.
1000237311,나주식 한우 곰탕,포장/배송,"포장은 꼼꼼했지만, 배송 과정에서 문제가 발생했습니다. 배송이 늦어지면 냉동 상품이 녹을 수 있어 배송 확인을 반복해야 하는 불편함이 있었습니다."
5057668,경복궁 BLACK 도가니탕&고기곰탕 (4개입),가격,"컬리에서 구매할 때 할인 및 쿠폰을 사용하면 저렴하게 제품을 구매할 수 있다. 낱개 가격 11,000원보다 선물 세트 4개를 구매할 때 5,000원 더 저렴한 가격으로 구매할 수 있었다."
5057668,경복궁 BLACK 도가니탕&고기곰탕 (4개입),맛/향/풍미,"도가니탕은 곰탕보다 실속 있고 개운한 맛이 나며, 국물은 우유빛깔로 진하고 맛있지만 곰탕은 분유 맛이 나는 느낌과 하얀 국물이 이상합니다."
5057668,경복궁 BLACK 도가니탕&고기곰탕 (4개입),보관,"이 제품은 냉동 후에도 맛이 유지되도록 냉동실에 보관하는 것이 좋으며, 고객은 고기 곰탕을 냉동 후에도 든든한 맛을 즐길 수 있습니다.ただし, 유통 기한이 짧은 고기 곰탕을 주의해야 합니다."
5057668,경복궁 BLACK 도가니탕&고기곰탕 (4개입),양,도가니는 양이 많지만 국물이 부족하고 고기는 두 개 정도 들어있으며 구성은 좋지만 얇은 고기 부족한 점이 있습니다.
5057668,경복궁 BLACK 도가니탕&고기곰탕 (4개입),포장/배송,"제품이 다른 제품으로 오배송되어 반품과 환불이 어려웠으며, 포장 문제로 도넛이 젖어버렸습니다."
5029746,착한들 한우 진한사골곰탕,가격,맛있는 한 끼를 저렴한 가격에 즐길 수 있어서 좋았습니다. 재구매하고 싶은 제품입니다.
5029746,착한들 한우 진한사골곰탕,맛/향/풍미,진한 국물이 맛있다는 평이 나옵니다.
5029746,착한들 한우 진한사골곰탕,보관,이 제품은 냉장 보관이 가능하여 장기간 보관이 가능합니다.
5029746,착한들 한우 진한사골곰탕,양,양이 풍부하지만 건더기가 부족하여 국물이 변색되어 만족스럽지 않습니다.
5029746,착한들 한우 진한사골곰탕,포장/배송,냉장 냉동식품을 시키기 불편한 이유는 아이스팩이 구멍이 나서 박스가 젖은 채로 배송된 문제 때문입니다.
5049679,김치 우리콩 비지찌개,가격,내용물과 비해 비싼 가격입니다.
5049679,김치 우리콩 비지찌개,맛/향/풍미,"이 비지찌개는 맛이 괜찮은데, 살짝 매콤한 맛이 있는 비지찌개입니다. 하지만 김치의 시큼함이 강해 전체적으로 맛이 떨어집니다."
5049679,김치 우리콩 비지찌개,보관,"이 제품은 오래 보관할 수 있는 냉동 제품으로, 재구매를 여러 번 하게 되었습니다. 제품을 바로 개봉했을 때 잘 얼려져 있어 보관 방법의 장점이 있습니다."
5049679,김치 우리콩 비지찌개,양,비지찌개는 국물이 많고 비지가 적습니다. 비지가 적어 묽고 뻑뻑한 맛이 나지만 조금 더 비지가 많아졌으면 좋겠습니다.
1000146369,빨간꼬치어묵&부산물떡,가격,"이 제품은 재구매를 고려하지 않는다고 생각되며, 다른 브랜드가 더 좋다고 느끼는 제품입니다. 하지만 가성비가 좋고 소스가 포함된다는 장점이 있습니다."
1000146369,빨간꼬치어묵&부산물떡,맛/향/풍미,이 상품은 매운맛이 강하고 중독성이 있어요. 먹을 수 없을 정도로 달고 매력적입니다.
1000146369,빨간꼬치어묵&부산물떡,보관,"이 제품은 자주 구매하는 인기 제품으로, 재구매 고객이 많습니다. 재구매 시 적당히 해동시키면 사용하기 편리합니다."
1000146369,빨간꼬치어묵&부산물떡,양,어묵만 먹고 국물은 버렸습니다.
1000146369,빨간꼬치어묵&부산물떡,포장/배송,"냉동 어묵이 녹아 있었고, 드라이아이스가 한 개만 들어있었습니다. 배송은 빠르게 진행되었습니다."
5049762,꽃게 해물탕,가격,"이 제품은 비싼 가격과 국물 비용이 단점이지만, 가격에 비해 만족스러운 품질을 제공합니다."
5049762,꽃게 해물탕,맛/향/풍미,"이 리뷰를 요약하면 다음과 같이 말할 수 있습니다.

국물은 맛있지만 해물이 부실했다고 하셨습니다."
5049762,꽃게 해물탕,보관,냉동 제품은 생물의 품질을 유지하기 어렵기 때문에 생물은 따라올 수 없다는 것을 알았습니다.
5049762,꽃게 해물탕,양,"해물이 부실하고 홍합은 알이 거의 씨앗 수준인 반면, 국내산 흰 다리 냉동 새우는 풍성했지만 냉동 꽃게는 살이 실하지 않습니다."
5094273,만두전골,맛/향/풍미,"이 제품은 맛있고 담백합니다. 국물과 만두, 채소 등이 신선하고 맛있으며, 가족과 함께 즐길 수 있습니다."
5094273,만두전골,양,양이 적지만 야채가 풍부하게 담긴 음식입니다.
5094273,만두전골,포장/배송,"포장 상태에 문제가 있었고 뚜껑이 깨져서 내용물을 꺼내야했습니다. 재활용하기 좋게 스티커도 잘 떼어졌고, 플라스틱도 재활용할 수 있었습니다."
5071449,갈빗살육개장 (1인분),가격,"이 제품은 세일 때 저렴하게 구입하면 좋은 선택이며, 만족도가 매우 높습니다."
5071449,갈빗살육개장 (1인분),맛/향/풍미,"육개장은 국물이 맛있고 건더기도 실렸지만, 고기는 뭉퉁하고 비계가 많았습니다. 맛은 식당에서 먹던 것과 비슷했지만, 약간 다르며 덜 자극적이었습니다."
5071449,갈빗살육개장 (1인분),보관,"냉동된 요리된 완제품은 한두 달이면 다 먹을 수 있으므로 재구매가 필요하지 않으며, 냉동으로 보관하면 비상식량처럼 냉동실에 보관할 수 있습니다."
5071449,갈빗살육개장 (1인분),양,"육개장을 데운다면 고기가 많지만, 한 끼로만 먹는다면 고기가 거의 없다는 점이 아쉬울 수 있습니다. 하지만 건더기가 많고 양이 넉넉한 편이며, 고추기름도 넉넉하고 퀄리티도 좋으며 갈 빗살이 큼직하게 들어 있습니다."
5071449,갈빗살육개장 (1인분),포장/배송,"제품은 2023년 10월에 제조되었으며 유통 기한은 1년입니다. 그러나 1년 이상 냉동 보관에 대한 걱정은 있지만, 10개월 지난 제품은 문제가 없을 것으로 보입니다."
5112148,남원골 추어탕,가격,"이 제품은 가격 대비 맛이 좋지만, 밖에서 먹는다면 두 배 가격을 지불해야 하는 약점이 있습니다."
5112148,남원골 추어탕,맛/향/풍미,추어탕 전문점의 추어탕은 맛있지만 진하지 않으며 약간 비리고 쓴맛이 나서 별로였습니다. 맛은 칼칼하고 매력적이며 어른 입맛에 적합한 대체 음식으로 먹을 만한 맛입니다.
5112148,남원골 추어탕,보관,해동은 미지근한 물에 금새 녹는다는 점을 고려해 보관 방법에 대해 알려드리겠습니다. 냉장고에 보관하는 것이 좋습니다.
5112148,남원골 추어탕,양,"이 제품은 550g의 중량에 건강한 식재료 205kcal가 들어있으며, 양이 충분합니다."
5112148,남원골 추어탕,포장/배송,욱이네 남원 골 추어탕은 미꾸라지와 국산 통 들깨로 구성된 제품으로 냉동 상태로 배송됩니다.
5097093,우렁이 옛날 된장찌개,맛/향/풍미,"우렁이 된장찌개는 크고 쫄깃한 우렁이로 맛있고 건강한 맛이 나며, 매콤한 된장 맛이 시래기 우렁과 잘 어울립니다. 맛은 얼큰하고 우렁이 맛이 좋으며, 우거지 맛과 쫄깃한 우렁이 맛이 잘 어울려서 즐거운 식사로 즐길 수 있습니다."
5097093,우렁이 옛날 된장찌개,보관,"이 제품은 자주 구매하여 재구매하는 인기 메뉴로, 맛있는 맛을 유지하기 위해 냉동 후 재조리하면 좋습니다."
5097093,우렁이 옛날 된장찌개,양,이 음식은 국물이 많고 건더기가 부실해 푸짐하게 먹을 수 있습니다. 특히 우렁이와 두부를 함께 먹으면 더욱 푸짐해집니다.
1000166176,갈비탕,가격,"가격은 일반 식당과 비교했을 때 큰 차이가 없으며, 10000원 정도의 가격은 맛과 양을 고려할 때 적절한 수준입니다."
1000166176,갈비탕,맛/향/풍미,솔가 원 갈비탕은 맛이 좋고 깔끔하다는 평을 듣습니다.
1000166176,갈비탕,보관,갈비탕은 솔가 원으로 자주 찾을 것 같아요. 냉동실에 보관해두면 편리합니다.
1000166176,갈비탕,양,양이 적은 분들에게는 2인분으로도 충분한 양입니다.
1000166176,갈비탕,포장/배송,"배송은 매우 빠르게 진행되었으며, 아이스팩으로 배송된 제품은 포장 상태가 깔끔했습니다. 새벽 배송으로 어제 저녁 10시에 도착하였고, 포장에는 다양한 정보가 표기되어 있었습니다."
1000175407,멸치 육수 300g 4개입,가격,"이 음식은 가격이 저렴하고, 비슷한 제품보다 더 저렴한 편입니다."
1000175407,멸치 육수 300g 4개입,맛/향/풍미,"원래 맛있는 라면에 고급 진 라면이되었습니다. 맛은 깊은 멸치 맛과 담백한 맛이 조화되어 풍부한 멸치 향이 입맛을 돋구어 주며, 감칠맛과 시원함이 극대화되어 만족스럽습니다."
1000175407,멸치 육수 300g 4개입,보관,이 제품은 오랜 시간 외출 후에도 열에 저항하여 녹지 않으며 냉동 보관이 가능합니다.
1000175407,멸치 육수 300g 4개입,양,"제품은 4팩에 넉넉한 양을 제공하지만, 실제로 500ml로 표시된 제품은 450ml로 포장되어 있습니다. 한 번에 사용하기 좋은 양이 담겨 있어 편리한 묵사발 키트입니다."
1000175407,멸치 육수 300g 4개입,포장/배송,"포장 상태는 꼼꼼하고 깔끔했으며, 드라이아이스가 녹지 않고 냉동된 상태로 잘 도착했습니다. 또한, 패키지는 깔끔하고 유통기한이 표기된 육수 팩이 제공되었습니다."
1000175407,백합 육수 300g 4개입,가격,제품은 가격이 저렴하고 만족스러운 성능을 제공해 재구매 의사가 생기는 제품입니다.
1000175407,백합 육수 300g 4개입,맛/향/풍미,"백합 육수는 시원하고 맛있는 맛을 제공하며, 간이 적당하여 간편하게 즐길 수 있습니다. 깔끔한 맛과 고급진 느낌이 함께하는 이 육수는 따로 조미료를 사용하지 않아도 감칠맛을 느낄 수 있습니다."
1000175407,백합 육수 300g 4개입,보관,육수는 급속 냉동으로 냉동실에 보관하면 안전하고 편리하게 저장할 수 있습니다.
1000175407,백합 육수 300g 4개입,포장/배송,포장 상태가 깔끔하고 배송도 빠릅니다. 300미리씩 포장되어 있어 1인분으로 사용하기 편리합니다.
1000175407,양지 육수 300g 4개입,가격,소고기 몇 만 원치 들어간 맛이 마음에 들며 4 팩이 들어 있어 가격과 맛이 합리적입니다.
1000175407,양지 육수 300g 4개입,맛/향/풍미,"가온 양지 육수는 진한 국물 맛을 담은 육수 베이스로, 소고기가 듬뿍 들어간 맛을 낼 수 있습니다."
1000175407,양지 육수 300g 4개입,보관,"이 제품은 쟁여 놔야하는 제품으로, 종류별로 냉동고에 재워두면 깔끔하고 편리합니다. 다만, 냉동으로 인해 휴대성이 떨어집니다."
1000175407,양지 육수 300g 4개입,양,"제품은 4팩씩 소분되어 있어 아이들이 먹기 적합하고, 자취생에게도 필요한 양이 적절합니다. 제품은 육수 4팩씩 들어있으며, 소고기 국이 마침 떨어졌을 때 구매한 제품입니다."
1000378706,사골곰탕 500g*10개입,가격,10개 구성에 가격이 합리적이었던 만큼 구입했습니다. 다이어트 음식은 세일과 만원 쿠폰으로 저렴하게 구입했습니다.
1000378706,사골곰탕 500g*10개입,맛/향/풍미,"이 상품은 진하고 짜서 물을 넣어야하는 정도의 맛이 있으며, 감칠맛이 나고 맛있어 간을 할 필요가 거의 없을 정도입니다. 또한, 간이 미리 되어 있어 싱겁게 먹는 입장에서 약간 짜지만 푹 고아진 맛이 좋으며 칼로리가 적어 기본 베이스로 사용하기 적합합니다."
1000378706,사골곰탕 500g*10개입,보관,"사골 곰탕은 쟁여두기 편리하고, 상온 보관이 가능합니다."
1000157414,한우 양해장국,가격,이 제품은 가성비가 좋은 중앙 해장과 비슷한 맛을 가지고 있습니다. 하지만 만들기 과정에 대한 불신으로 인해 재구매를 하지 않을 것 같습니다.
1000157414,한우 양해장국,맛/향/풍미,"중앙 해장국의 맛은 매콤하고 알싸하며 쫄깃쫄깃한 식감이 특징입니다. 하지만 깜놀 매장과는 다른 맛을 가지고 있으며, 신선한 재료로 만들어야 합니다."
1000157414,한우 양해장국,보관,"냉동 제품은 보관이 편리하지만, 맛이 떨어집니다. 냉장 제품을 먹는 것이 더 맛이 좋습니다."
1000157414,한우 양해장국,양,양이 풍부한 음식은 맛이 별로였습니다. 내용을 충분히 담아내지 못한 것 같았습니다.
1000157414,한우 양해장국,포장/배송,포장은 만족스럽게 왔으며 가격도 적절했습니다. 배송 또한 문제가 없었습니다.
1000136406,한우 냉이 된장찌개,맛/향/풍미,냉이 된장찌개는 맛과 양념의 깔끔함을 동시에 만족스럽게 제공하는 제품입니다. 한우가 듬뿍 들어 있어 맛을 돋우고 냉이 향이 진하여 기대에 부합하는 좋은 제품입니다.
1000136406,한우 냉이 된장찌개,보관,"이 제품은 고객이 몇 개 더 구매할 것임을 밝히며, 할머니를 위해 된장찌개용으로 사용할 것임을 알려주셨습니다."
1000136406,한우 냉이 된장찌개,양,"양은 적당했지만 양이 조금 적고, 냉이는 많았지만 적당했다."
1000136406,한우 냉이 된장찌개,포장/배송,제품에 초록색 철 실이 발견되어 믿을 수 없는 제조 공장으로 보이는 의견이 있습니다.
5074117,미역오이냉국,가격,"지난 몇 년 동안 컬리 제품을 사용한 결과, 체중이 50kg에서 63kg으로 증가했습니다. 그러나 비싼 제품으로 인해 재구매 의사가 없게되었습니다."
5074117,미역오이냉국,맛/향/풍미,맛은 괜찮지만 맛이 시다는 점이 있습니다.
5074117,미역오이냉국,보관,이 제품은 냉장고에 보관하는 것이 좋습니다.
5074117,미역오이냉국,양,"양은 2인분 정도로 적당한 양이며, 한 번 먹기에 적당한 양입니다."
5115298,양구 시래기 된장국,맛/향/풍미,이 음식은 겨울에 특히 맛이 좋아 담백한 맛을 좋아하는 분들에게 적합합니다. 시래기가 부드럽고 국물이 구수한 담백한 맛을 제공합니다.
5115298,양구 시래기 된장국,양,"양이 적당하고, 시래기 상태는 좋지 않지만 양이 풍부합니다."
5115298,양구 시래기 된장국,포장/배송,"상품은 시래기, 흙, 돌, 먼지 등으로 인한 문제가 있었습니다. 그러나 신속하고 정확한 배송과 깨끗한 포장으로 고객들은 편안했습니다."
5068792,착한들 한우사골곰탕 기획세트,가격,이 제품은 할인된 가격으로 구매할 수 있어서 좋았습니다. 기획 세트로 구매한 결과 가격대에 비해 가성비가 좋은 제품이었습니다.
5068792,착한들 한우사골곰탕 기획세트,맛/향/풍미,"진한 국물이 진하고 맛있으며, 첨가물이 적고 소금 간이 미리되어 있어 각자 기호에 맞게 먹을 수 있어요. 국물이 뽀얗고 냄새도 없으며, 맛도 깔끔하고 곰탕 맛을 잘 느낄 수 있어요."
5068792,착한들 한우사골곰탕 기획세트,보관,"이 제품은 냉동하지 않아 좋고, 냉장고에 보관하면 먹기 편합니다."
5068792,착한들 한우사골곰탕 기획세트,양,한우 사골 100은 찰싹한 국물과 함께 넉넉한 용량을 제공하는 좋은 제품입니다. 그러나 일부 고기가 포함되어 있지만 아쉬운 점이 있습니다.
1000620989,토종닭 백숙 삼계탕,가격,"이 제품은 여름 최고의 제품으로 간주되며, 국산으로서 만족스러운 구매를 했습니다."
1000620989,토종닭 백숙 삼계탕,맛/향/풍미,토종 닭으로 만든 삼계탕은 쫀득한 살과 진한 국물로 맛이 깔끔합니다. 국내산 재료로 만든 이 삼계탕은 쫄깃한 고기와 진한 국물로 맛있고 건강해지는 기분을 전해줍니다.
1000620989,토종닭 백숙 삼계탕,보관,"복날에 냉동 제품을 구입하고 싶습니다. 냉동 보관이 잘 되는 제품을 쟁여두고 싶은데, 냉장고에 넣어두면 오래 걸리니 참고해 주세요."
1000620989,토종닭 백숙 삼계탕,양,그것은 물이 충분히 있어요.
1000620989,토종닭 백숙 삼계탕,포장/배송,포장 상태가 마음에 들지 않았습니다. 냉동 포장에 드라이아이스가 많아져서 녹아버렸습니다.
5067835,찹쌀 순대국,가격,이 제품의 가격 대비 품질이 저렴한 편이었고 비슷한 제품보다 더 저렴하게 구입할 수 있었습니다.
5067835,찹쌀 순대국,맛/향/풍미,청양고추 새우젓 부추 무침을 넣은 해장국은 기대 이상의 맛과 진한 국물로 맛있었습니다. 끓이는 동안 살짝 나는 냄새를 보완하여 깔끔한 맛과 잡내가 없이 먹을 수 있습니다.
5067835,찹쌀 순대국,보관,"이 국물은 냉동하기 어렵지만, 떨어지면 항상 다시 구매하는 인기 국물입니다."
5067835,찹쌀 순대국,양,"본문은 건더기가 많고 내용물도 풍부하지만, 내용물의 질이 떨어지는 단점이 있습니다."
5067835,찹쌀 순대국,포장/배송,"냉동 제품이 찢어져서 국물이 흘러서 먹을 수 없게 되고, 포장지 파손으로 물에 젖거나 돼지 털이 박혀있는 문제가 있습니다."
5097090,맑은 곰탕,맛/향/풍미,"갈비탕은 가족들과 함께 먹은 후 맛있었습니다. 국물이 담백하고 깔끔한 맛과 부드러운 고기, 적절한 간이 좋았습니다."
5097090,맑은 곰탕,보관,"제품은 냉장고에 넣어두면 편리하고, 냄비에 끓여 먹을 수 있습니다. 냉동실에 넣어두면 23일 정도 보관할 수 있으며, 급할 때 조리하여 먹을 수 있습니다."
5097090,맑은 곰탕,양,"한 끼 한 사람을 위한 양이면 두 끼에 이은 양으로 제공되며, 국물과 고기가 충분히 들어 있어요."
5097090,맑은 곰탕,포장/배송,고객은 냉동식품을 배송 받았을 때 냉동식품이 녹아버리는 문제와 불편한 포장 상태를 경험했습니다.
5110442,야채담은 소불고기 400g (냉동),가격,"이 제품은 첫 구매 후 재구매 의사가 있지만, 할인 때만 구매합니다."
5110442,야채담은 소불고기 400g (냉동),맛/향/풍미,"이 상품은 맛이 좋아서 먹기 좋고, 국물이 맛있으며 양념이 특이한 맛이 있어 좋습니다."
5110442,야채담은 소불고기 400g (냉동),보관,"이 제품은 냉동 후 바로 먹는 것이 좋으며, 냉동 후 하루 전에 냉장실로 옮겨서 먹는 방법도 있습니다."
5110442,야채담은 소불고기 400g (냉동),양,당면은 양이 적지 않으며 고기는 얇지만 국물이 충분하여 맛있게 먹을 수 있습니다.
5055553,콩비지찌개,맛/향/풍미,"저는 국내산 장단콩에 간 돼지고기 우거지를 넣은 콩탕을 구입하여 먹었는데 맛있었습니다. 특히 고소한 맛이 강했으며, 신랑도 맛있다고 혼자 다 먹었답니다."
5055553,콩비지찌개,보관,"이 제품은 자주 사용하는 제품이며, 입맛이 없을 때 미리 준비하는 것이 좋습니다. 제품을 보관할 때 사놓고 급할 때 써도 좋습니다."
5055553,콩비지찌개,양,"500g의 양은 두 명이 함께 먹기 적절한 크기로, 한 명이 한 번에 먹기에는 조금 많은 크기입니다. 포만감이 좋고 배추도 충분히 들어있어 만족스럽습니다."
5055553,콩비지찌개,포장/배송,제품은 포장 상태와 위생 문제가 있어 보였습니다. 하지만 냉동 포장으로 배송된 제품은 드라이아이스를 넣어 보관하면 온도 유지되었습니다.
5128143,육개장,가격,"9800원짜리 대 파국을 구입했습니다. 기름이 많아 앞으로 구매할지는 불확실하고 가성비는 좋았지만 고기 잡내가 싫어하는 분들은 사지 말고, 가격은 오르었습니다."
5128143,육개장,맛/향/풍미,"육개장은 시원하고 얼큰한 국물 맛을 제공하며, 대파가 달달하고 매콤합니다. 기름이 많아 일부 고객은 먹기 어려울 수 있지만, 맛이 무난한 고객도 있습니다."
5128143,육개장,보관,이 제품은 조리하기 간편하고 냉동실에 잘 보관할 수 있습니다.
5128143,육개장,양,"750g의 넉넉한 양으로 부부가 한 그릇 정도 남았으며, 부드러운 양지와 고사리가 많았습니다. 하지만, 고기 조각이 없고 건더기는 생각보다 많았지만 맛있었습니다."
5128143,육개장,포장/배송,배송 받은 국은 포장지와 비닐이 찢어져 있고 플라스틱 이물질이 발견되었습니다. 또한 벌레가 들어 있는 문제로 음식의 신뢰성이 훼손되었습니다.
5058878,프리미엄 어묵탕,가격,어묵탕을 시음한 후 맛있게 먹었습니다.
5058878,프리미엄 어묵탕,맛/향/풍미,"어묵은 탱탱하고 쫀득쫀득하며 씹는 맛이 좋으며, 건강한 프리미엄으로 아이들에게도 안전하게 먹일 수 있습니다. 다양한 모양과 맛으로 재미있게 먹을 수 있지만, 국물과 어묵의 맛이 거의 같아 아쉬운 점이 있습니다."
5058878,프리미엄 어묵탕,보관,겨울 동안 여러 번 먹을 수 있는 어묵을 세일 때 구매하여 보관하는 것이 좋습니다. 보관 기간은 보통 2주 정도로 재구매를 자주하는 이유입니다.
5058878,프리미엄 어묵탕,양,"어묵을 좋아하는 고객은 두 번째 구매를 하면서 국물 양을 더 많이 잡아 2인분으로 푸짐하게 3번 이상 먹었고, 당파와 무를 넣어 시원한 국물이 되었다고 합니다. 1팩의 양은 450g로 두 사람이 먹을 만큼 충분하며, 다양한 종류의 어묵과 건더기 스프가 들어있다고 합니다."
5058878,프리미엄 어묵탕,포장/배송,이 식품 배달 서비스는 패키징이 만족스럽습니다.
5034225,명월관 갈비탕,가격,제품의 가격이 예상보다 비싼 것을 보고 실망했습니다.
5034225,명월관 갈비탕,맛/향/풍미,"이 제품은 국물이 깔끔하고 맛있지만 갈비가 부족하고, 고기는 부드럽지만 기름기가 많아 냄새가 나서 만족스럽지 않습니다."
5034225,명월관 갈비탕,보관,냉동 보관이 가장 맛이 비슷한 갈비탕은 음식점에서 나온 갈비탕입니다. 처음 먹기 위해 냉동 갈비탕을 사용할 때는 고기에 붙은 기름을 제거하고 충분히 해동한 후 끓여야 합니다.
5034225,명월관 갈비탕,양,"양이 하나당 15인분이면 두 개 조리하면 3인분 정도 되며, 1인분이나 2인분으로 조절할 수 있습니다. 국물과 고기는 1인분으로 적당하고, 갈비에 비계가 많아 먹을 게 없으며 갈빗대와 살코기가 들어 있는 냉동 상태의 고기는 센 불에서 팍팍 끓여서 퍽퍽해집니다."
5036959,곰탕,가격,가성비 좋은 곰탕으로 2공기 이상 나와 맛있으나 가격이 높아 만족스럽지 않지만 품질이 가치가 있다고 생각합니다.
5036959,곰탕,맛/향/풍미,"이 곰탕은 진하고 담백한 국물과 고소한 맛이 특징입니다. 기름기가 많아 느끼한 맛이 있으며, 다른 곰탕과는 차원이 다른 맛을 제공합니다."
5036959,곰탕,보관,"냉동 후 자연히 동시면 되며, 기운 없을 때 냉동실에 보관해두면 좋습니다. 기운이 없는 때 몸보신용으로 추천하는 거대 곰탕을 쟁여두세요."
5036959,곰탕,양,고기 양이 많고 우유처럼 찐한 국물에 양이 많아 한 끼로 드실 수 있는 음식입니다.
5036959,곰탕,포장/배송,"샛별 배송은 좋았지만, 용기 문제로 국물이 흘러서 문제가 발생했습니다."
5048745,감자탕,가격,"이 제품은 가격 대비 가성비가 나쁘게 느껴지지만, 다른 제품과 비교했을 때는 비슷한 수준의 품질을 제공하고 있음을 알 수 있습니다."
5048745,감자탕,맛/향/풍미,"이 곳에서 드신 감자탕은 맛은 괜찮은데 냄새가 조금 나서 약간의 단점이 있지만, 이바돔 감자탕 맛과 유사한 새콤한 맛을 가지고 있습니다."
5048745,감자탕,보관,냉동실에 쟁여둘 감자탕을 재구매 의사 있어요. 비상템으로 쟁여두면 맛있게 먹을 수 있어요.
5048745,감자탕,양,고기는 양이 많고 우거지는 적지만 가성비가 좋습니다.
5035913,뼈없는 인삼 갈비탕,가격,"이 제품은 요즘 물가 대비 집에서 간단히 먹기 적합한 갈비탕입니다. 맛과 가격이 모두 만족스럽고, 가성비가 좋습니다."
5035913,뼈없는 인삼 갈비탕,맛/향/풍미,"갈비탕은 맛있고 국물도 괜찮았습니다. 하지만 고기가 질기고, 인삼 향이 강한 편이었어요."
5035913,뼈없는 인삼 갈비탕,보관,이 제품은 냉동실에 넣어두면 적합합니다.
5035913,뼈없는 인삼 갈비탕,양,이 제품은 편하고 고기가 많으며 얇게 썬 무와 대파가 들어가 있습니다. 뼈가 없다는 점을 특히 좋아하는 점입니다.
5035913,뼈없는 인삼 갈비탕,포장/배송,새벽에 받은 제품은 빠른 배송으로 도착했습니다.
1000128842,일산 털레기 수제비,가격,가성비 좋은 제품은 5명이서도 푸짐하게 먹을 수 있으며 3 만 원 이하의 가격에 구매할 수 있습니다.
1000128842,일산 털레기 수제비,맛/향/풍미,"수제비는 담백하고 구수한 맛에 애호박과 얼갈이, 마른 새우가 들어간 맛이 좋았습니다. 국물에 수제비가 퍼지지 않아 더 좋았으며, 맛은 약간 맑은 된장 소스 맛과 보리새우가 들어가 있어 좋았습니다."
1000128842,일산 털레기 수제비,보관,이 제품은 오랜 기간 동안 냉동 보관이 가능합니다.
1000128842,일산 털레기 수제비,양,수제비 양이 적다는 느낌이 들었습니다. 5명이 함께 먹은 경우는 충분했지만 2인분으로 먹은 경우는 부족했습니다.
1000128842,일산 털레기 수제비,포장/배송,냉동 상태가 불량으로 인해 제품이 녹아 문제가 생겼습니다.
1000285076,전주식 해장 콩나물국밥,맛/향/풍미,오징어는 조리 후 배탈이 나고 비린내가 심한 편입니다. 흐르는 물로 씻으면 도움이 됩니다.
1000285076,전주식 해장 콩나물국밥,보관,여름철에는 썩어버리는 물건들을 주의 깊게 구입하세요. 재구매 의사가 많은 상품들을 보관해두고 필요할 때 사용하세요.
1000285076,전주식 해장 콩나물국밥,양,콩나물은 오래되서 색이 변했지만 양이 풍부합니다. 오징어는 부실하고 양이 조금 부족한 편입니다.
1000285076,전주식 해장 콩나물국밥,포장/배송,"오징어는 잘게 썰어 포장해 주셨지만, 콩나물과 야채 상태가 좋지 않았습니다."
1000048446,한알만능육수 야채와 디포리 (3.7g x 22개입),맛/향/풍미,"이 육수는 국물 요리에 넣으면 간단하고 맛있는 국물을 만들 수 있어요. 풀무원으로 맛이 괜찮은데, 국물 맛을 업그레이드해 주진 않지만 쓸 만한 맛이 있어요."
1000048446,한알만능육수 야채와 디포리 (3.7g x 22개입),포장/배송,유통 기한을 확인해 주시고 지퍼백을 포함한 제품을 배송해 주시기 바랍니다.
1000048446,한알만능육수 해물과 청양고추 (3.7g x 22개입),맛/향/풍미,"국수는 부드럽고 진한 맛이 아닌 편안한 맛을 가지고 있었으며, 뒷맛이 깔끔했습니다."
1000047975,톡톡 터지는 알탕,가격,"가성비가 저렴하지 않아 재구매의 의사가 없지만, 적절한 가격에 집에서 즐길 수 있는 제품입니다."
1000047975,톡톡 터지는 알탕,맛/향/풍미,"알이 싱싱하고 칼칼하여 맛있으며, 시원하고 얼큰한 국물이 맛있다."
1000047975,톡톡 터지는 알탕,보관,이 제품은 냉동 또는 냉장에서 하루 정도 해동 후 조리하는 것이 권장됩니다.
1000047975,톡톡 터지는 알탕,양,고기와 알이 풍부하게 들어가서 푸짐하고 적절한 양입니다.
1000260407,순살감자탕 (냉동),가격,가성비가 좋은 감자탕을 집 앞에서 파는 것과 비슷한 가격에 구매할 수 있습니다.
1000260407,순살감자탕 (냉동),맛/향/풍미,"감자탕은 국물이 칼칼하고 깔끔한 편이며, 고기는 부드럽고 맛있었습니다. 전문점에서 먹는 것이 좋지만, 냉동 버전도 맛있었습니다."
1000260407,순살감자탕 (냉동),보관,"장기간 보관이 가능한데, 냉동 후에는 해동이 필요합니다."
1000260407,순살감자탕 (냉동),양,"고기는 적당했지만, 2인분으로는 조금 부족했습니다."
1000260407,순살감자탕 (냉동),포장/배송,컬리에서 받은 상품은 꽁꽁 얼어 잘 왔습니다. 하지만 포장이 불량으로 냉동 상태가 좋지 않았습니다.
5112151,차돌된장찌개,맛/향/풍미,"리뷰에 따르면, 맛이 좋고 짜지 않은 된장찌개는 야채 넣고 끓인 맛이 특히 좋으며, 구수한 된장 맛과 고소한 차돌 맛이 있습니다. 간이 적당하고 맛이 순하여 자주 구매할 수 있는 제품입니다. 단점으로는 약간 기름진 맛이 있습니다."
5112151,차돌된장찌개,보관,제품 4개를 냉동실에 보관하면 편리합니다.
5112151,차돌된장찌개,양,양이 풍부하고 다양한 야채와 건어물이 많아요.
5049680,하얀 우리콩 비지찌개,맛/향/풍미,이 제품은 기대 이상으로 맛있었습니다. 담백한 콩비지 맛과 돼지고기 향이 잘 어우러져 순댓국 국물 느낌을 주었습니다.
5049680,하얀 우리콩 비지찌개,양,배추와 고기 비지 구성은 좋지만 국물과 비교해 건더기가 적다는 단점이 있습니다.
5049680,하얀 우리콩 비지찌개,포장/배송,비지찌개의 비지에서 물기를 짜내는 면보가 들어가 있어 불편했습니다. 패킹된 비지찌개에서 물이 흘러나서 더운 여름날 문제가 되었습니다.
5081516,삼계탕 900g (2개입),가격,이 제품은 가격이 저렴해서 기다렸다가 쿠폰 세일로 구입했습니다.
5081516,삼계탕 900g (2개입),맛/향/풍미,"이 삼계탕은 맛이 깔끔하고 닭 비린내가 없는 맛을 즐길 수 있는 곳입니다. 직접 가서 먹는 것과 배달 시킨 것 중에서 가장 맛이 좋으며, 쫄깃한 닭고기와 진한 국물이 특징입니다."
5081516,삼계탕 900g (2개입),보관,이 제품은 여름마다 자주 구매하여 비상식량으로 사용하는 제품입니다. 냉동실에 보관하면 재구매할 수 있는 든든한 식량입니다.
5081516,삼계탕 900g (2개입),양,냉동 삼계탕은 양과 크기가 적당하여 가족 모두가 편리하게 즐길 수 있습니다.
1000351391,킬바사 부대찌개,가격,"이 제품은 컬리에 새로 출시된 제품이었고, 할인 행사로 구입한 후 1111번 재구매가 된 제품입니다."
1000351391,킬바사 부대찌개,맛/향/풍미,소세지와 햄이 조합된 국물은 맛있고 칼칼합니다. 국물이 진해져서 밥과 함께 먹으면 더 맛나요.
1000351391,킬바사 부대찌개,보관,"해당 제품은 할인된 가격으로 재구매하여 집에 보관하는 편이며, 쌀쌀맞은 가격으로 구매하여 쟁여두는 편입니다."
1000351391,킬바사 부대찌개,양,"이 제품은 킬바사 소세지가 통으로 들어가서 비주얼이 좋지만, 다른 햄과 소시지가 적다는 단점이 있습니다. 킬바사 소세지와 파, 얇은 햄, 건더기가 들어있는 구성으로 야채를 더 넣으면 푸짐하게 먹을 수 있습니다."
1000351391,킬바사 부대찌개,포장/배송,포장 용기가 매우 날카롭게 느껴져 손에 베어졌습니다.
5043112,황태곰탕,가격,"이 제품은 재구매의 가능성이 낮으며, 사용 후 다시 구입할 의사가 없다는 의견이 있습니다."
5043112,황태곰탕,맛/향/풍미,"황태 곰탕은 시원하고 맛있으며, 국물이 진하고 담백합니다."
5043112,황태곰탕,보관,냉동실에 보관하면 오랫동안 보존이 가능합니다.
5043112,황태곰탕,양,양이 적고 건더기가 적은 편이지만 맛과 든든함이 좋습니다.
5045208,우거지 감자탕,가격,가성비가 좋은 맛집입니다. 가격도 저렴해 재주문할 만한 곳입니다.
5045208,우거지 감자탕,맛/향/풍미,우거지 감자탕은 맛집과 비슷한 맛과 깔끔한 국물로 좋아요. 특히 짭짤한 맛을 좋아하는 저는 생수 100ml을 넣어 더 맛있게 드셨습니다.
5045208,우거지 감자탕,보관,"해동해야 하는 제품을 하루 전날 냉장으로 옮겨서 해동시키고, 남은 국물은 냉장고에 보관해 주세요."
5045208,우거지 감자탕,양,"이 음식은 양이 넉넉하여 2인용으로 적절하며, 고기는 뼈와 함께 있으며 감자는 없지만 뼈 3개와 순대 3개가 포함되어 있습니다."
5045208,우거지 감자탕,포장/배송,"이전에는 포장지가 찢어져 왔지만 이번에는 괜찮았지만, 머리카락이 발견되었습니다. 이는 제품의 배송 상태가 좋지 않았음을 나타냅니다."
1000538774,녹두삼계탕 900g,가격,"요새 삼계탕 집에서 한 그릇을 먹었는데, 가격이 비싸다고 느껴지지만 맛있어요. 후기가 좋아서 주문한 만큼 가격도 합리적이라고 생각합니다."
1000538774,녹두삼계탕 900g,맛/향/풍미,찹쌀과 녹두를 사용한 국물은 깔끔하고 고소합니다. 부드러운 닭고기와 맛있는 국물이 맛있게 잘 어울려서 좋았어요.
1000538774,녹두삼계탕 900g,보관,"냉동으로 얼린 밀 키트는 신선한 느낌을 주고, 냉동 후 동이 필요하지만 재구매가 간편합니다."
1000538774,녹두삼계탕 900g,양,제품은 양이 충분하고 다양한 재료가 들어있는 삼계탕입니다. 하지만 녹두 밥의 양이 적다는 점이 아쉬운 작은 크기입니다.
1000538774,녹두삼계탕 900g,포장/배송,포장 비닐의 냄새가 심해서 분리수거 시 문제가 발생했습니다.
1000408452,한우 소고기 뭇국,맛/향/풍미,"이 음식은 맛이 좋고 식감이 부드러워 아이가 즐겨 먹을 수 있고, 양이 적은 편입니다."
1000408452,한우 소고기 뭇국,보관,"여름에는 냉동 냉장 제품을 피하는 것이 좋지만, 유통기한이 내년까지인 제품은 세일 때 쟁여두면 급할 때 냉장고에 넣어두어 편리합니다."
1000408452,한우 소고기 뭇국,양,양은 적지만 아이가 한 번 먹을 양으로 적당하고 국물은 충분히 있어요.
1000382036,다래순나물,맛/향/풍미,"이 나물은 맛있고 식감이 좋으며, 담백하고 고소한 맛을 가지고 있습니다. 담백하고 고소한 맛이 살아 있고, 질기지 않으며, 보들보들한 씹는 맛이 있습니다."
1000382036,다래순나물,양,"이 제품은 먹기 불편하고 가족들이 좋아하지 않는다는 단점이 있지만, 포만감이 크고 식이 섬유가 풍부하여 맛있게 먹을 수 있습니다."
1000205921,삼계탕 800g,가격,"삼계탕은 가격이 저렴하고, 맛이 좋으며 가성비가 좋은 음식입니다."
1000205921,삼계탕 800g,맛/향/풍미,"이 삼계탕은 비릿한 냄새와 산삼 향이 강한데, 닭은 질겨서 고역스럽게 느껴집니다. 그러나 뜨끈한 국물은 추운 날에 든든한 보양식으로 좋으며, 건강한 맛을 느낄 수 있습니다."
1000205921,삼계탕 800g,보관,이 제품은 실온 보관이 가능하며 냉장 보관이 필요하지 않습니다.
1000205921,삼계탕 800g,양,"리뷰 결과는 양이 적고 내용이 충분하지 않으며, 사용자 만족도는 낮은 편입니다."
1000205921,삼계탕 800g,포장/배송,"제품은 처음 받았는데, 새로 받은 상품이 산산히 부셔져 있었습니다. 배송은 정상적으로 도착했습니다."
1000382034,짜글이찌개,맛/향/풍미,이 제품은 맛이 좋으며 밥이나 우동과 잘 어울리는 편입니다. 단점으로는 간이 약하다는 점이 있습니다.
1000382034,짜글이찌개,양,"양이 적지 않아 만족스럽고, 감자가 큼지막해서 좋았습니다. 특히 재료가 큼직하고 감자가 듬뿍 들어가 있어 만족스러운 식사였습니다."
1000382034,짜글이찌개,포장/배송,오늘 아침부터 다른 상품에도 묻은 물기가 걷잡을 수 없게 되었습니다.
1000431398,우차돌짬뽕탕,맛/향/풍미,"차돌이 들어간 국물은 진하고 맛있으며, 청경채를 추가하면 더욱 맛있답니다."
1000431398,우차돌짬뽕탕,양,양은 적절하고 고기는 풍부합니다.
1000340229,사골곰탕 500g*18개입,가격,컬리는 싸지지 않았지만 할인 기회에 구입해 세일 때 좋은 가격에 득템했습니다.
1000340229,사골곰탕 500g*18개입,맛/향/풍미,호주산 뼈로 만든 비비고 사골 곰탕은 맛있고 가족 모두가 사랑하는 제품입니다. 묽다는 단점이 있지만 맛은 좋고 담백하여 아이도 이용할 수 있습니다.
1000340229,사골곰탕 500g*18개입,보관,"고객은 사골 곰탕 18개짜리 2박스를 구입하여 보관했습니다. 고객은 이 제품을 자주 먹으며, 사골 곰탕이 떨어지면 안되기 때문에 꼭 보관하는 편입니다."
1000340229,사골곰탕 500g*18개입,양,한 끼에 한 포를 제외한 3 포를 먹을 수 있어 든든하고 양도 풍부합니다.
1000340229,사골곰탕 500g*18개입,포장/배송,"컬리에서 새벽 배송되는 상품은 신뢰도가 높지만, 실제로 받은 상품과 판매하는 것의 이미지가 다르다는 점을 유의해 주시고, 문 열기가 힘들다면 문 열리는 곳에 상품을 두지 마세요. 배송은 빠르지만, 일부 고객은 다시 보내주신 경우가 있었습니다."
1000239338,사골육개장,가격,"컬리에서 단품으로 구매할 수 있어서 좋았습니다. 하지만 가성비는 좋지 않았고, 할인 가격에도 불구하고 가격이 비싸서 양이 적다는 느낌이 들었습니다."
1000239338,사골육개장,맛/향/풍미,"육개장은 기름지고 맛나며, 사골 맛이 진하다는 점이 좋습니다. 하지만, 사골 맛이 너무 진해서 아쉬울 수 있습니다. 기름이 많고 짜며, 살짝 매콤한데 국물이 진하고 딱 좋습니다."
1000239338,사골육개장,양,양이 넉넉하고 고기가 살짝 부족했습니다. 건더기가 부족해 아쉬웠습니다.
1000239338,사골육개장,포장/배송,배송은 빠르고 포장도 잘되어 좋았습니다. 하지만 제품은 깨끗하지가 않습니다.
1000431400,한우 미역국,맛/향/풍미,"미역국을 찾으신다면 진한 국물과 부드러운 미역, 적절한 간의 맛을 제공하는 제품을 추천해 드리겠습니다."
1000431400,한우 미역국,보관,"이 제품은 냉동으로 보관하기 적합하고, 고객은 재구매를 자주 시도하고 보관하고 있습니다."
1000431400,한우 미역국,양,"양이 은근히 많고, 미역과 고기가 적절히 들어있는 15인분 정도의 양이 적합한 편입니다."
1000231898,본 남도식 추어탕,가격,추어탕을 사서 먹었습니다.
1000231898,본 남도식 추어탕,맛/향/풍미,"찐 남도 추어탕은 진한 국물로 보양되는 보양식이며, 묽기만한 다른 추어탕과는 차원이 다른 맛을 제공합니다. 진한 맛을 좋아하는 분들에게 적합하며, 간이 좋고 깔끔한 맛이 특징입니다."
1000231898,본 남도식 추어탕,보관,본 제품은 믿을 수 있는 냉동 제품으로 비상용으로 사용됩니다.
1000231898,본 남도식 추어탕,양,추어탕은 양이 많고 건더기와 걸쭉한 맛이 있어 한 끼 식사로 적합합니다. 추어의 함량은 20 정도로 충분한 양을 제공합니다.
1000411501,송이버섯 들깨탕,가격,이 제품은 두 개의 마트에서 5천원보다 높은 가격으로 재구매하고 싶다는 의견이 있습니다.
1000411501,송이버섯 들깨탕,맛/향/풍미,"이 음식은 맛은 괜찮지만, 짜거나 싱거우는 단점이 있습니다. 또한 인스턴트 향이 조금 나고, 씁쓸한 맛이 있어 기대와 달라서 애매한 맛을 느끼실 수 있습니다."
1000411501,송이버섯 들깨탕,보관,"이 제품은 실온 보관이 가능하며, 편리한 보관과 상온 보관이 가능합니다."
1000411501,송이버섯 들깨탕,양,양은 1인분으로 적절한 양입니다.
1000166234,인삼품은 꼬리곰탕,가격,고기가 가성비가 좋은데 꼬리가 많았습니다. 할인받은 후 저렴하게 맛있게 먹었습니다.
1000166234,인삼품은 꼬리곰탕,맛/향/풍미,"곰탕은 인삼 향이 강하고 맛이 진하지만, 간이 세고 국물이 걸쭉하고 기름이 많으며 국물이 짠다는 단점이 있습니다."
1000166234,인삼품은 꼬리곰탕,보관,"이 제품은 실온에서 보관이 가능하고 유통기한이 길어 비상용으로 적합합니다. 또한, 냉장고에 보관할 수 있어 편리한 제품입니다."
1000166234,인삼품은 꼬리곰탕,양,"고기는 많고 양도 풍부하며 꼬리가 많지만, 양이 약간 적다는 단점이 있어요."
1000381876,본토 마라탕 (순한맛),가격,"가성비가 좋은 매장에서 먹은 것과 비슷한 맛이 나고, 가격도 비슷했습니다."
1000381876,본토 마라탕 (순한맛),맛/향/풍미,"저는 이 제품을 구매한 이유가 맛 때문에 아들이 먹고 싶어해서였고, 이 제품은 맛이 만족스럽습니다. 아들이 먹기에도 적합한 순한 맛의 제품입니다."
1000381876,본토 마라탕 (순한맛),보관,"이 제품을 기다려서 드디어 찾았고, 다시 구매하고 싶어 재고를 준비해두고 싶습니다."
1000381876,본토 마라탕 (순한맛),양,양이 적당하고 재료가 거의 다 들어 있는 음식입니다. 2인분까지 충분히 먹을 수 있고 국수까지 포함되어 있습니다.
1000381876,본토 마라탕 (진한맛),가격,본토라는 단어에 끌려서 구매한 음식이 비싼다는 경험을 나누는 사람들은 그 음식이 만족스럽지 못했다고 말합니다.
1000381876,본토 마라탕 (진한맛),맛/향/풍미,맛은 진하고 향이 좋아서 생각보다 좋았습니다.
1000381876,본토 마라탕 (진한맛),보관,"이 제품은 자주 구매할 거 같고, 냉동실에 보관하는 것이 좋습니다."
1000381876,본토 마라탕 (진한맛),양,"고기가 크고 부드럽게 맛있게 먹을 수 있지만, 양이 조금 적다는 단점이 있습니다."
1000605738,듬뿍육개장,가격,"가게에서 고퀄 육개장 2 인분을 저렴한 가격에 구입했습니다. 믿을 수 있는 브랜드의 가격이 저렴해서 좋았고, 할인하면 쟁일 생각이 들어요."
1000605738,듬뿍육개장,맛/향/풍미,"육개장은 국물이 얼큰하고 맛있으며, 밥과 함께 먹으면 훨씬 맛나요. 기름이 많아 집에서 끓인 맛이 나서 좋았습니다."
1000605738,듬뿍육개장,보관,"이 제품은 재구매 의향이 높으며, 냉동 보관이 가능합니다."
1000605738,듬뿍육개장,양,건더기가 많고 대파가 듬뿍 들어 있는 음식이 좋았습니다. 건더기와 종류가 적당했으며 푸짐하고 양도 넉넉했습니다.
1000605738,듬뿍육개장,포장/배송,"제품이 안전하게 도착하지 않으셨다면, 얼어있을 때도 안전하게 배송해 주실 수 있는지 확인해 주시겠어요."
1000408450,한우 소고기 미역국,맛/향/풍미,아기가 먹기엔 약간 짜서 물을 넣어 먹어도 간이 적당하고 푸디버디는 항상 맛나다는 점이 좋습니다. 또한 미역과 고기가 잘 어우러져서 남지 않고 모두 먹을 수 있다는 점이 장점입니다.
1000408450,한우 소고기 미역국,보관,여름에는 냉동 냉장 제품을 피하고 싶지만 아이가 좋아해서 세일 때 자주 구입합니다. 상온 제품으로 아이가 좋아하는 상품이며 유통기한은 내년까지라서 여행 시 재구입하려는 식량입니다.
1000408450,한우 소고기 미역국,양,고기와 영양이 적절하지 않지만 양이 적당하고 건더기는 부족한 음식입니다.
1000262049,재첩국,가격,비싼 편이지만 타 사이트보다 저렴한 것이 장점입니다.
1000262049,재첩국,맛/향/풍미,재첩국은 시원하고 맛이 좋지만 입맛에 맞지 않는다는 점이 있습니다. 부추를 넣으면 맛이 좋아집니다.
1000262049,재첩국,양,양은 맛이 좋지만 조개 알이 많지 않고 비싼 편입니다.
1000128850,맑은 설렁탕,맛/향/풍미,"계란 고명이 담백한 국물로 맛있게 먹었습니다. 국물이 진하고 담백하며, 맛있게 잘 먹었습니다."
1000128850,맑은 설렁탕,보관,"이 제품은 비상용으로 적절히 보관하는 것이 좋으며, 냉장고나 냉동실에 보관하면 좋은 맛을 유지할 수 있습니다."
1000128850,맑은 설렁탕,양,고기는 부드럽고 맛이 좋으며 양도 많아 두 세 명이 충분히 먹을 수 있습니다. 비주얼과 국물이 좋은 반찬으로 적합합니다.
1000128850,맑은 설렁탕,포장/배송,설렁탕은 꽁꽁 얼어서 왔으며 냉동 상태로 꽝꽝 얼어서 도착했습니다.
1000176459,고깃집 갈비살 된장찌개,맛/향/풍미,"갈비 살 된장찌개는 부드러운 식감과 담백한 맛이 좋았습니다. 특히 칼칼하고 야무진 맛이 돋보였고, 진한 국물 맛과 고기 맛이 좋았습니다."
1000176459,고깃집 갈비살 된장찌개,보관,제조 일로부터 12개월이 유통 기한인 제품은 신선함을 중시하는 사람에게 적합합니다.
1000176459,고깃집 갈비살 된장찌개,양,"양이 조금 적지만, 두부, 애호박, 야채, 버섯과 큼지막한 고기가 골고루 들어있습니다."
1000176459,고깃집 갈비살 된장찌개,포장/배송,"제품을 냉장고에 넣었더니 국물이 샌다고 하며, 냉동 상태에서는 문제가 있는 부분을 확인할 수 없다고 합니다. 컬리 배송 상태도 최근에 좋지 않다고 알려져 있어 의문이 생깁니다."
1000235788,왕푸징 마라탕,가격,"이 상품의 가격이 매장보다 비싸다는 느낌이 들고, 추가 재료를 넣으면 가격이 조금 내려갈 수 있으면 좋을 것 같습니다."
1000235788,왕푸징 마라탕,맛/향/풍미,"이 마라탕은 분모자고기 피쉬볼푸주 목이버섯 건두 부면으로 맛이 기억에 남는 속 재료를 사용하여 맛있었습니다. 매운맛이 적당하고, 집에서 간편하게 먹을 수 있어 만족스러운 식사였습니다."
1000235788,왕푸징 마라탕,보관,냉동 당면은 식감이 조금 이상하지만 저렴한 가격으로 냉동실에 보관해두고 필요할 때 먹는 것이 좋습니다.
1000235788,왕푸징 마라탕,양,"제가 주문한 푸주 포두부 피쉬 볼은 생각보다 크기가 적당했고, 재료도 제가 좋아하는 것들이 많았습니다. 그러나 야채가 부족하여 내용물이 조금 빈약해 보였고, 추가로 이것저것 넣어도 양이 조금 모자랐습니다."
1000235788,왕푸징 마라탕,포장/배송,겨울철에 보냉제가 부족해 배송이 늦어져서 아이스크림이 녹아 냉동 상품이 손상되었습니다.
1000239335,영양갈비탕,맛/향/풍미,"갈비탕은 맛이 뛰어난 경복궁 갈비탕을 추천합니다. 맛있는 고기와 담백한 국물, 한약 향이 특징입니다."
1000239335,영양갈비탕,보관,이 제품은 믿을만큼 좋습니다. 경복궁 갈비탕을 자주 드시는 분입니다.
1000239335,영양갈비탕,양,갈비탕은 고기 양이 많고 기름이 적게 들어가서 푸짐하고 만족스러운 맛입니다.
1000239335,영양갈비탕,포장/배송,"제품 포장은 만족스럽게 왔지만, 제품이 찢어져서 왔습니다."
1000431396,순두부찌개,가격,"제품의 가격 때문에 불안했지만, 비싼 제품과 비교해도 가성비가 좋았습니다."
1000431396,순두부찌개,맛/향/풍미,"순두부찌개는 맛이 살아나 한국인의 소울 푸드에 맞는 맛이 있습니다. 칼칼하고 담백한 맛이 특히 좋으며, 보글보글한 국물과 순두부의 질감이 만나는 맛이 좋습니다."
1000431396,순두부찌개,보관,"이 제품은 냉장 보관이 가능하고, 유통기한이 넉넉하여 장기간 보관할 수 있습니다."
1000431396,순두부찌개,양,순두부찌개는 두부와 순두부가 충분히 들어 있으며 덩어리 순두부가 놀라게 만드는 요리입니다. 순두부의 양은 생각보다 적지만 건더기가 조금 더 들어 있는 풀무원 순두부찌개와 비슷합니다.
1000431396,순두부찌개,포장/배송,순두부 덩어리가 봉지 안에 담겨져 있었고 큰 사이즈였습니다.
1000341457,맑은 순대국,가격,이 제품은 칼로리가 낮고 가격이 저렴합니다.
1000341457,맑은 순대국,맛/향/풍미,"순대 국물이 깔끔하고 맛있으며, 담백한 맛과 적당한 향이 특징입니다."
1000341457,맑은 순대국,보관,"이 제품은 가성비가 뛰어나고, 냉동 후에도 유지하기 좋습니다."
1000341457,맑은 순대국,양,1인분은 양이 적지만 2인분으로 충분히 먹을 수 있는 양입니다.
1000341457,맑은 순대국,포장/배송,"제품은 깔끔하게 패킹되어 배송이 빠르며, 급할 때 주문하기 적합합니다. 제품은 주문 후 다음날 도착하여 냉동 상태로 잘 도착했습니다."
1000605720,짬뽕순두부찌개,가격,"이 제품은 가격이 저렴하고, 할인할 때는 가끔씩 구매하는 제품입니다."
1000605720,짬뽕순두부찌개,맛/향/풍미,순두부가 들어간 짬뽕은 깔끔하고 맛있는 맛이에요. 시원하고 매콤한 국물과 부드러운 순두부가 잘 어울려 칼칼하고 맛있어요.
1000605720,짬뽕순두부찌개,보관,"제품은 6일 이내에 소비해야 하며, 유통기한이 만료되면 맛과 안전성이 떨어질 수 있으므로 주의하세요."
1000605720,짬뽕순두부찌개,양,"야채가 다 상해서 육수만 먹었지만 야채와 해산물은 맛있었습니다. 야채 없이도 바지락은 해감 제다로 적절했으며, 순두부를 더 추가하면 푸짐하게 먹을 수 있을 것 같았습니다."
1000605720,짬뽕순두부찌개,포장/배송,"캠핑에서 야채를 사용하기에 적합한 포장 상태로 배송되었지만, 보냉 팩의 문제로 물이 누출되었습니다."
1000367308,소곱창전골 1kg,가격,"이 제품은 가격이 비싸다는 단점이 있으며, 기대와 다르게 만족도가 낮았습니다. 할인할 때 재구매 의사가 있습니다."
1000367308,소곱창전골 1kg,맛/향/풍미,"이 곱창전골은 냄새가 심했지만 맛은 깔끔하고 좋았습니다. 특히 기름이 잘 제거된 국물 맛과 매콤한 맛, 풍부한 채소가 좋았습니다."
1000367308,소곱창전골 1kg,보관,"이 제품은 냉동으로 보관하기에 적합하며, 재구매의 기준을 충족하는 제품입니다."
1000367308,소곱창전골 1kg,양,푸짐한 양이 많습니다.
1000367308,소곱창전골 1kg,포장/배송,포장 상태가 좋지 않았던 제품은 냉장고에 넣고 해동했을 때 국물이 흘러 나왔습니다.
5132868,부산깡통시장 유부주머니,가격,이 제품은 가격이 높은 편입니다. 개당 천 원을 넘는 비용이 있기 때문에 비싸다는 느낌이 드는 제품입니다.
5132868,부산깡통시장 유부주머니,맛/향/풍미,"유부 주머니가 어묵탕의 맛을 높이고 부드럽게 만드는 요소입니다. 주머니가 빠지면 허전한 맛이 나며, 중학생 때 먹던 김 말이랑 비슷한 맛이 나요."
5132868,부산깡통시장 유부주머니,보관,"냉동 후 재운 제품은 냉동실에 보관할 때는 0°C(-18°C) 이상, 40%의 상대습도 이내로 보관해야 합니다."
5132868,부산깡통시장 유부주머니,양,유부야채 당면은 육수도 1리터 정도 나와서 야채 당면이 빵빵하고 식감이 좋습니다. 크고 끓으면 불어지는 유부 주머니 8개와 육스소스 2봉지가 들어있는 크기와 양이 많은 제품입니다.
5132868,부산깡통시장 유부주머니,포장/배송,"해동 상태로 왔으며, 찝찝하고 축축한 상태였습니다."
1000047929,김치 우동 어묵 전골 (리뉴얼),맛/향/풍미,"삼진 어묵은 감칠맛이 나는 국물과 쫄깃한 어묵으로 맛있게 먹을 수 있습니다. 어묵은 부드럽고 맛있으며, 아이들이 먹기에도 적합합니다."
1000047929,김치 우동 어묵 전골 (리뉴얼),보관,이 제품은 겨울 냉동실에 보관하는 것이 좋습니다.
1000047929,김치 우동 어묵 전골 (리뉴얼),양,어묵은 오동동하고 큼지막한 7개가 들어 있었고 양은 2인분이었지만 대식가라서 살짝 아쉬웠어요. 어묵 양도 많았고 다양했으며 양 넉넉한 1인분 김치양이 아쉽고 소분되어 있지 않은 2인분이라 한꺼번에 끓여야하는 게 안 좋아요.
1000047929,김치 우동 어묵 전골 (리뉴얼),포장/배송,"배송은 빠르지만, 제품의 퀄리티가 좋지 않아 불편했다."
5119615,금돼지식당 김치찌개,가격,"이 제품은 5천 원 초반대에 판매되고 있으며, 마켓컬리에서 세일도 하고 무료 배송을 제공해 고객들의 사랑을 받고 있습니다. 이마트에서 판매하는 동일한 제품보다 20프로 비싸지 않으며, 좋은 재료로 만든 것 같아 착한 가격이 마음에 들어요."
5119615,금돼지식당 김치찌개,맛/향/풍미,"김치찌개는 기본적인 맛을 가지고 있지만, 양이 적당하고 맛도 좋습니다."
5119615,금돼지식당 김치찌개,보관,이 제품은 고객이 자주 재구매하는 인기 제품으로 겨울에는 냉장고에 보관하는 제품입니다.
5119615,금돼지식당 김치찌개,양,"양은 3인분 정도 나왔지만 내용물이 부족해서 추가 재료가 필요했습니다. 특히 두부는 한 개밖에 없었고, 국산 돼지고기는 많았지만 김치가 조금 더 많았으면 좋았을 것 같았습니다."
5119615,금돼지식당 김치찌개,포장/배송,"새벽 배송은 만족스러웠지만, 고객은 박스에 얼음 팩이 칼로 그어져서 박스가 흥건했다고 제보했습니다."
5131413,맑은 나주식곰탕,가격,첫 구매가 불편했습니다. 가성비는 좋았지만 품질이 좋지 않아 환불을 요청했습니다.
5131413,맑은 나주식곰탕,맛/향/풍미,"제품은 맛있지만 상한 냄새가 심하고 시큼한 맛이 납니다. 끓여도 하루 지나 상한 맛이 나며, 일부 소비자들이 동일한 문제를 겪는 것으로 보아 제조사 측의 확인이 필요할 것 같습니다."
5131413,맑은 나주식곰탕,보관,"제품은 냉장 보관을 권장하고, 냉동 보관 시 주의를 요합니다."
5131413,맑은 나주식곰탕,양,"양은 양이 많았으며, 고기는 크고 작은 조각으로 10개 정도 들어있었습니다. 또한, 실파와 계란 지단이 기본적으로 제공되었고, 아이들이 먹을 양이 충분했습니다."
5131413,맑은 나주식곰탕,포장/배송,제품 두 개는 유통 기한이 813까지였는데 상한 상태로 받았어요. 냉동 상태로 배송했는데도 위생 상태가 믿음이 가지 않아서 다음부터는 못 사 먹게 되네요.
5095179,정통 순두부찌개 KIT,가격,"이 제품은 저렴한 가격에 구입할 수 existed 뿐만 아니라, 부담 없이도 구매할 수 있었으며, 세일 때 구매한 것이 좋았습니다."
5095179,정통 순두부찌개 KIT,맛/향/풍미,"양념장과 양지 육수까지 들어 있어 담백한 순두부찌개 키트가 맛있어요. 양념장과 야채를 넣으면 시판용 것과 비슷한 맛이 나며, 동봉된 고추기름을 넣으면 더 맛있어요."
5095179,정통 순두부찌개 KIT,양,"양은 다양한 구성으로 푸짐하게 먹을 수 있으며, 생각보다 간단한 맛을 가지고 있습니다. 하지만 너무 짬이 있어서 순두부를 더 추가로 구매해야 합니다."
5062287,특설렁탕,맛/향/풍미,"고기 부위가 질겨서 맛이 없고, 딱딱한 부분이 많으며 기름기가 많아 불편해요. 국물은 맛있지만 고기는 충격적이에요."
5062287,특설렁탕,양,"설렁탕을 주문했는데, 양이 많고 푸짐했습니다. 고기와 건더기, 내용물이 모두 충분히 들어있었습니다."
5058975,진한 소고기 곱창전골,가격,제품의 품질은 가격에 비해 만족스럽지 않지만 처음으로 구매한 제품이기 때문에 재구매 의향이 있습니다.
5058975,진한 소고기 곱창전골,맛/향/풍미,"곱창전골은 국밥집에서 파는 곱창전골과 비슷한 맛을 가지고 있습니다. 국물은 진하고 건더기가 좋으며, 국물이 특히 좋다는 점을 들었습니다."
5058975,진한 소고기 곱창전골,양,양이 줄어들었습니다.
5058975,진한 소고기 곱창전골,포장/배송,"제품이 배송지 착각으로 다른 곳으로 배송되었고, 재배송이 이루어진 후 제품이 장시간 밖에 방치되어 일부가 손상되었습니다."
5132102,프리미엄 어묵탕 360g (시원한 맛),맛/향/풍미,"고래사 어묵탕은 두툼하고 쫄깃한 식감이 매력적이며, 시원하고 맛있는 국물과 함께 즐길 수 있습니다. 어묵의 고급 퀄리티가 다른 어묵탕과 구별되는 주요 특징입니다."
5132102,프리미엄 어묵탕 360g (시원한 맛),양,오뎅만으로 구성된 간단한 양은 오뎅의 특징과 성분을 표현하는 것입니다.
5132102,프리미엄 어묵탕 360g (시원한 맛),포장/배송,제품은 잘 보관되지 않아 문제가 발생했습니다.
5132102,프리미엄 어묵탕 360g (얼큰한 맛),맛/향/풍미,"어묵은 시원하고 칼칼한 맛이 좋으며, 칼로리가 낮아 먹기 편합니다."
5064024,키즈 곰국 (5개입),가격,"키즈 곰국은 집 근처 곰탕 집에서 6 천 원에 판매되며, 저렴한 가격에 맛있는 음식을 즐길 수 있습니다."
5064024,키즈 곰국 (5개입),맛/향/풍미,"이 음식은 기름기가 많아 기분이 나빠하고, 부패한 냄새가 나서 좋지 않습니다."
5064024,키즈 곰국 (5개입),보관,"이 제품은 냉동고에 보관할 수 있어 편리하고, 급할 때 사용하기에 적합합니다."
5064024,키즈 곰국 (5개입),양,"200미리 제품은 한 끼에 적합한 양이지만, 500 밀 포장은 한 끼에 적절하지 않은 양입니다."
1000085958,가자미 미역국,가격,"이 미역국은 시중에 나온 것 중 가장 맛이 좋고, 비싼 가격에 비해 맛이 좋다는 느낌이 듭니다."
1000085958,가자미 미역국,맛/향/풍미,"간이 된 미역국을 먹으니 좋았어요. 맛있는 순두부와 함께 먹으니 부모님도 좋아하시고, 편리하고 담백한 가자미가 마음에 드네요."
1000085958,가자미 미역국,보관,급할 때 쉽게 먹을 수 있는 음식은 냉동실에 보관하면 좋습니다. 특히 미역국은 냉동 후에도 맛이 살아남기 때문에 냉동시켜두면 좋습니다.
1000085958,가자미 미역국,양,"양이 양해서 두 번 먹을 수 있었고, 가자미도 함께 나와 주었지만 가자미가 적었다는 아쉬움이 있었습니다."
5095131,고래사 어묵탕,가격,할인한 제품을 구입한 후 만족스러운 결과를 얻었습니다. 품질도 만족스럽습니다.
5095131,고래사 어묵탕,맛/향/풍미,"어묵은 냄새가 나지 않고 쫄깃한 맛이 나며, 칼칼하고 시원한 맛이 있습니다. 어묵의 질은 뻣뻣하고 길기 때문에 좋지 않지만, 담백하고 맛있는 맛이 나며, 육수도 살짝 칼칼합니다."
5095131,고래사 어묵탕,보관,어묵탕은 맛있는 제품이며 식량 보존성이 있어 쟁여두기 적합합니다.
5095131,고래사 어묵탕,양,"어묵의 양이 적다는 점은 불만입니다. 어묵은 야채도 들어있으며 한 끼 분량으로 적당하지만, 가격 대비 양이 적습니다."
5048192,목련 어묵탕,맛/향/풍미,"이 어묵탕은 국물이 진하고 맛있는 음식이며, 어묵은 통통하고 맛있으며 다양한 종류가 있습니다."
5048192,목련 어묵탕,보관,"이 제품은 고객이 즐겨사는 제품입니다. 냉동 후 2주에 한 번씩 먹는 것이 좋으며, 냉동실에 보관하면 편리합니다."
5048192,목련 어묵탕,양,"어묵은 다양한 종류가 많아 두 세 번 먹을 수 있었고, 분말 스프도 여러 번 나눠 먹을 수 있었습니다."
5061835,사골만두칼국수,가격,제품 성분을 확인하고 2인분을 구매하는 것이 좋습니다.
5061835,사골만두칼국수,맛/향/풍미,"이 제품은 국물용 농축액으로, 사골 식물성 크림 첨가물 조미료를 함유하고 있습니다. 맛은 강하지만 국물은 맛있으며, 아이들도 잘 먹습니다."
5061835,사골만두칼국수,보관,"이 제품은 냉동 시에도 맛이 유지되는 제품으로, 세일 때 쟁여서 먹는 좋은 선택입니다."
5061835,사골만두칼국수,양,"양이 많고 푸짐하지만 한 번에 2인분 끓이는 것이 아쉬운 음식입니다. 양이 충분하고 고명 파가 많아 야채 추가할 필요가 없으며, 양이 훌륭합니다."
5049302,나주 곰탕,맛/향/풍미,고기 잡내가 살짝 나고 질긴 고기를 시원하게 맛볼 수 있는 음식입니다. 국물이 맑고 담백한 맛을 즐길 수 있습니다.
5049302,나주 곰탕,보관,곰탕은 비상식량으로 자주 구매하여 냉동실에 보관하는 것이 좋습니다.
5049302,나주 곰탕,양,고기 양이 충분하고 2명이 먹기에 적절한 양입니다.
5049302,나주 곰탕,포장/배송,"포장지와 비닐 포장이 찢어져서 내용물이 노출되었고, 국물이 새는 문제가 두 번 있었으며 택배 왔을 때 봉투가 찢겨서 내용물이 얼어 있어 세게 받으셨습니다."
5012950,가족을 위한 사골곰탕,맛/향/풍미,이 대로는 맛이 좋고 조리하기도 간편합니다. 국물이 깔끔하고 덜 짜서 조리 시 주의해야 합니다.
5012950,가족을 위한 사골곰탕,보관,"이 제품은 미리 구매해 두면 좋습니다. 뚜껑이 있어 한 번에 다 사용하지 않아도 되고, 쌓아두기에도 편리합니다."
5050925,한우 사골육수,맛/향/풍미,한우 사골 육수는 맛이 깔끔하고 깊으며 편리한 요리입니다. 순수하고 자연스러운 맛이 나며 버섯을 넣으면 풍부한 맛을 즐길 수 있습니다.
5050925,한우 사골육수,보관,"한우 사골 육수는 냉장고에 기본으로 있어야하는 아이템으로, 연말에 떡국용으로 미리 준비하는 필수품입니다."
5050925,한우 사골육수,포장/배송,"포장 상태와 배송 과정에서 문제가 발생했습니다. 멸균 테트라 팩은 상온 보관이 가능하다는 점은 좋았지만, 아이스팩이 떨어져 입구가 터져서 문제가 생겼습니다. 또한, 배송 과정에서 박스를 내려놓는 시에 퍽 소리 나고, 일정에도 문제가 생겼습니다."
5026468,갈비탕,가격,품은 맛이 괜찮지만 가격이 비싸서 다시 사서 먹을 의향이 없어요.
5026468,갈비탕,맛/향/풍미,맛은 보통입니다. 설탕을 넣은 국물을 먹어보니 달아서 고기만 먹고 국물은 버렸습니다.
5026468,갈비탕,보관,"제가 냉장해 동 후 끓여 먹는 게 가장 맛있다는 말씀에 따라, 먹기 하루 전날 냉장고에 넣어 해동하고, 손님 오실 때도 해동한 뒤 이것저것 추가하여 푸짐하게 내놓을 수 있게 쟁여두었습니다."
5026468,갈비탕,양,"이 상품은 성인 두 명이 한 팩씩 조리하여 먹을 수 있는 양이 적당합니다. 갈빗대는 79개 정도 들어있으며, 갈비 갯수는 크기에 따라 조금씩 다르지만 1인 1팩이 적당합니다."
5026468,갈비탕,포장/배송,"상품이 배송 중에 부서져서 45개의 뼛가루 이물질이 나왔고, 배송 과정도 불편했습니다."
5042765,차돌 된장찌개,맛/향/풍미,이 제품은 맛있는 된장찌개로 재료가 많고 간이 쎈 편입니다. 청국장 맛이 진하고 개운한 맛이 칼칼해져서 봄철 입맛 없을 때 잘 맞습니다.
5042765,차돌 된장찌개,보관,차돌 된장 찌게는 냉장고에 전날 옮겨 냉장해 주거나 간편한 방법으로 가끔 구매하여 냉동실에 보관하는 것이 좋습니다.
5042765,차돌 된장찌개,양,양은 풍부합니다.
1000040783,강릉식 짬뽕순두부 찌개,가격,"세일 때는 꼭 구입하지만, 재구매는 고려하지 않습니다."
1000040783,강릉식 짬뽕순두부 찌개,맛/향/풍미,"칼칼한 국물이 땡기는 순두부찌개가 신선한 재료로 맛있게 나왔습니다. 두부의 고소함과 싱거운 간이 좋았고, 오징어와 새우의 추가로 더 맛있게 먹을 수 있었습니다."
1000040783,강릉식 짬뽕순두부 찌개,보관,이 제품은 매번 세일 때 23개씩 주문해 즐겨 먹는 인기 제품입니다.
1000040783,강릉식 짬뽕순두부 찌개,양,"양이 적당했으며, 아이들과 야무지게 먹었습니다. 재료의 양은 양파와 파가 적절하지 않지만, 버섯을 더 넣고 끓이면 넉넉하게 드실 수 있을 정도로 양이 적지 않았습니다."
1000040783,강릉식 짬뽕순두부 찌개,포장/배송,더운 날에 냉장 식품을 보내는 경우 아이스팩을 넣지 않으면 식품이 부패할 수 있으니 주의하세요. 식품을 보내기 전에 아이스팩을 넣어 주면 식품의 품질을 유지할 수 있습니다.
5056783,찹쌀 진순대국,가격,"이 제품은 한 달에 한두 번 세일해주면 좋겠다고 생각합니다. 하지만 세일해도 가격이 계속 오르며, 높은 가격을 유지하고 있어요."
5056783,찹쌀 진순대국,맛/향/풍미,기름기가 많아 느끼한 맛이 나는 음식은 먹기 힘들 거 같아요. 기름기가 많아 느끼한 맛이 나는 음식은 먹기 불편해 보이네요.
5056783,찹쌀 진순대국,보관,이 제품은 저희 가족의 일상 필수품입니다. 세일 때마다 적절히 구매하여 냉장고에 보관하고 있습니다.
5056783,찹쌀 진순대국,양,"고기 양과 건더기 양이 충분하며, 간단한 구성으로 양도 풍부합니다."
5056783,찹쌀 진순대국,포장/배송,"검은색 알맹이와 벌레가 있어 찝찝해 버렸고, 머리 고기에는 돼지 털이 많았습니다."
5133142,미역국 500g,맛/향/풍미,"제품은 맛이 좋고 기름기가 없다는 장점이 있습니다. 또한, 아이가 좋아하는 미역국 중에서 제 입맛에 가장 잘 맞는 맛이 있다는 점이 좋습니다."
5133142,미역국 500g,보관,이 제품은 비상 상황에 대비하여 항상 준비해 두면 좋을 것 같아요.
5133142,소고기 장터국 500g,맛/향/풍미,"이 제품의 맛은 일반적으로 좋지만, 비비고 맛은 인위적으로 느껴집니다."
5133142,육개장 500g,맛/향/풍미,"이 육개장은 비비고 육개장 베이스로 만든 것이기에 맛이 좋으며, 끓여서 부드러운 맛과 깊고 진한 맛을 낸다는 장점이 있습니다."
5133142,육개장 500g,포장/배송,새벽 3시 48분에 받은 냉동냉장 식품이 모두 녹아버려서 드라이아이스 한 개만 남아있는 상황이었습니다. 깊은 새벽에 도착한 배송으로 인해 스트레스를 받았습니다.
5061723,양지곰탕 600g,가격,"이 제품은 재구매 의사가 있지만 다른 제품을 선택하고 싶지 않습니다. 또한, 저렴한 가격으로 판매해 주기를 바랍니다."
5061723,양지곰탕 600g,맛/향/풍미,고기는 질기고 뭔가가 붙어 있지만 적당히 간된 맑은 국물이 담백하고 맛있다. 국물은 시원하고 맛나며 육 향이 약간 나지만 아이들이 좋아하는 맛이였다.
5061723,양지곰탕 600g,보관,이 제품은 비상용으로 여러 종류를 사둔 필수품입니다. 생각나면 재구매를 반복하고 냉동실에 보관하여 언제든지 사용할 수 있습니다.
5061723,양지곰탕 600g,양,"양지 곰탕은 얇은 고기가 들어있어 든든한 한 끼 해결을 도와주며, 고기가 부드럽고 양도 많습니다."
5061723,양지곰탕 600g,포장/배송,배송된 상품에서 벌레가 발견되었습니다.
5044756,갈빗살 육개장 (2인분),맛/향/풍미,"갈 빗살이 들어 있는 육개장은 고기가 질기지 않고 맛있으며, 대파가 많아 좋았습니다. 국물은 진하고 맛있으며, 모든 계절에 맛이 좋았습니다."
5044756,갈빗살 육개장 (2인분),보관,"이 제품은 맛이 좋았고, 재구매할만큼 만족스러웠습니다."
5044756,갈빗살 육개장 (2인분),양,양은 풍부하지만 건더기가 적절하지 않습니다.
5044756,갈빗살 육개장 (2인분),포장/배송,"냉동 보관을 위해 포장한 제품은 포장 시 간단했지만, 물이 들어가서 봉투에 구멍이 생기는 문제가 있었고, 일부는 봉투가 누락되어 내용물이 흘러나기도 했습니다. 냉장고에 넣을 때 국물이 흘러나와 청소가 어려웠습니다."
5097307,대파 육개장,맛/향/풍미,"이 상품은 맛있게 먹으며, 맛있는 육개장 중에서 가장 좋았습니다. 달걀을 넣으면 풍부한 맛이 나며, 가정식에 가까운 맛을 느끼실 수 있습니다."
5097307,대파 육개장,보관,냉동실에 냉동식품을 보관하면 일주일 동안 꺼내서 먹을 수 있습니다.
5097307,대파 육개장,양,"한 끼에 2인분 정도의 양이 나며, 중학생은 혼자도 먹을 수 있지만, 다른 사람에게는 15인분 정도가 되며, 많은 사람에게는 1인분 정도가 됩니다."
5097307,대파 육개장,포장/배송,"배송은 빠르지만, 상품의 외관이 이상합니다."
5001235,한우 곰탕,가격,가격이 높은 제품은 국산 한우로 맛이 좋지만 17000원에 구매하는 것이 비싸다는 의견이 있습니다.
5001235,한우 곰탕,맛/향/풍미,"한우로 만든 곰탕은 맛이 좋고 가족들이 좋아하는 곡류입니다. 비린내가 나거나 퀄리티 관리가 필요한 경우가 있지만, 무를 넣으면 더 맛나게 합니다."
5001235,한우 곰탕,양,양이 적지만 양이 풍부해서 2인분으로 나누어도 충분히 먹을 수 있습니다.
5001235,한우 설렁탕,가격,이 상품의 가격이 일반적으로 비싼 편입니다.
5001235,한우 설렁탕,맛/향/풍미,"이 상품은 국물이 노래고 느끼한 맛이 있으며, 담백하고 구수한 사골 국물과 함께 누런 기름이 없는 장점이 있습니다. 그러나 고기 품질이 약간 떨어지는 단점이 있습니다."
5001235,한우 설렁탕,양,"고기는 56 조각에 뻣뻣하고 고기 요정이 들어있으며, 한우 양지와 사태 머리 고기가 얇게 저며 국과 함께 잘 먹을 수 있습니다."
5001235,한우 양곰탕,가격,"이 제품은 1인분으로 판매되는데도 가격이 비싼 편이며, 실용성에 비해 만족스러운 성능을 제공하지 못하는 문제가 있습니다."
5001235,한우 양곰탕,맛/향/풍미,"이 상품은 육개장 국물과 비슷한 국물과 고기 건더기가 두 개가 들어있어 충분히 먹을 수 있어요. 기본적인 맛은 별로지만 매콤한 맛이 있고, 기대보다 맛있어요."
5001235,한우 양곰탕,보관,"이 제품은 냉동실에 보관하기 적합하고 재구매 의사가 많은 편입니다. 냉동실에 보관하면 오래 보관할 수 있지만, 가격이 저렴해지면 여러 개를 사서 보관해야 합니다."
5001235,한우 양곰탕,양,"고기는 적절하지 못했고, 재료는 충분하지 않으며, 양념이 제대로 작용하지 않았습니다."
5001235,한우 양곰탕,포장/배송,냉동식품과 냉장 식품의 품질 문제가 보고되었습니다. 제품 포장 변경으로 인해 내용물이 달라져 실망을 주었습니다.
5148360,딱한끼 어묵탕 매운맛,맛/향/풍미,"어묵탕은 국물이 진하고 맛있으며, 다양한 종류가 있어 맛있게 먹기 좋습니다. 어묵도 전체적으로 맛있고, 파를 더 추가하면 더 맛있으며, 오래 끓이면 짬이 납니다."
5148360,딱한끼 어묵탕 매운맛,양,"양은 적당하고 충분하며, 다양한 어묵 종류가 있어요. 한 명은 충분히 먹을 수 있고, 두 명은 한 끼로도 먹을 수 있어요."
5148360,딱한끼 어묵탕 매운맛,포장/배송,"배송은 빠르지만, 유통기한이 너무 짧게 보내져 식품이 손상되었습니다."
5148360,딱한끼 어묵탕 순한맛,맛/향/풍미,"어묵은 쫄깃쫄깃하고 맛있으며, 탱글한 맛이 좋습니다. 어묵을 끓인 스프에 고추와 파를 곁들여 먹으면 국물 맛이 더 좋습니다."
5148360,딱한끼 어묵탕 순한맛,보관,"이 제품은 3일 동안 쌓아두면 마음을 편안하게 해주고, 계속 구매하고 싶은 제품입니다."
5148360,딱한끼 어묵탕 순한맛,양,어묵 제품은 양이 적당하고 다양한 종류가 들어있어 좋습니다. 한 봉지로 세 명이 먹을 수 있는 양을 가지고 있습니다.
1000085968,등뼈 우거지 감자탕 900gX2개입,가격,이 제품은 비싼 편입니다. 동네에서 비슷한 제품을 9천 원에 구입할 수 있으니 가격이 비싼 편입니다.
1000085968,등뼈 우거지 감자탕 900gX2개입,맛/향/풍미,고기가 질기다는 불만을 드리는 리뷰가 있습니다.
1000085968,등뼈 우거지 감자탕 900gX2개입,보관,이 제품을 냉동실에 보관하는 것이 좋습니다.
1000085968,등뼈 우거지 감자탕 900gX2개입,양,"양은 양이 많고, 팩이 1인분씩 분리되어 먹기 편하지만, 뼈가 많고 살이 없으며, 우거지가 적지 않습니다."
1000085968,등뼈 우거지 감자탕 900gX2개입,포장/배송,파란색 플라스틱이나 비닐 조각이 배송된 제품에 포함되어 있어 불편했습니다. 플라스틱 조각이 국에 섞여 있어 먹을 수 없게 되었습니다.
1000085968,뼈해장국 900gX2개입,가격,제품은 좋았지만 저렴한 가격에 주의가 필요합니다. 품질이 좋지 않아 환불을 원합니다.
1000085968,뼈해장국 900gX2개입,맛/향/풍미,"해장국은 냄새가 심하고 맛이 없으며, 고기보다 시래기 냄새가 더 심합니다. 끓는 과정에서 악취가 나며, 맛이 짠하고 비린내가 남습니다."
1000085968,뼈해장국 900gX2개입,보관,이 제품은 사용 후 보관하기 어렵다는 고객의 불만입니다.
1000085968,뼈해장국 900gX2개입,양,고기는 거의 먹기 어려운 상태였습니다.
5119471,들깨 미역국,맛/향/풍미,이 음식은 맛이 훌륭하고 건강하고 튼튼해 보이는 정석적인 맛을 느낄 수 있습니다. 들깨 가루가 들어간 구수한 맛과 고소한 들깨의 향이 매력적입니다.
5119471,들깨 미역국,보관,"냉장 보관 후 사용하는 것이 가장 경제적이고, 냉동 보관 후도 제품을 사용할 수 있습니다. 냉동실에 국산 생들깨 가루를 항상 준비해 두는 것이 중요합니다."
5119471,들깨 미역국,양,양은 적지만 한 팩으로 두끼 먹을 수 있습니다.
5119471,들깨 미역국,포장/배송,"포장 상태가 좋지 않아 문제가 발생했습니다. 두 봉지 모두 모서리 부분이 찢어져서 왔으며, 포장 재질이 약한 곳이 많아 냉동 상태에서 오는 상품이 손상될 수 있었습니다."
5097092,한우사골 양지곰탕,가격,"이 식당은 일반 외식비용을 고려하면 합리적이고, 신선한 재료와 깊은 맛을 고려하면 가격이 적절한 편입니다."
5097092,한우사골 양지곰탕,맛/향/풍미,고기는 질기고 냄새가 약간 나지만 국물은 깔끔하고 맛있어요. 고기는 얇고 넙적하며 국물은 진하고 맛있어 사골 맛이 느껴지는 요리입니다.
5097092,한우사골 양지곰탕,보관,이 제품은 냉동실에 보관하여 안전하게 보관하는 것이 좋습니다.
5097092,한우사골 양지곰탕,양,"고기와 파가 풍부한 국물이 진하며, 한 그릇으로 충분히 먹을 수 있는 양입니다."
5097092,한우사골 양지곰탕,포장/배송,팩이 찢어져서 사용하기가 어려울 수 있으니 사용 전 팩을 확인해 주시기 바랍니다.
5114061,해물 순두부 찌개,맛/향/풍미,"조개가 비닐을 열면 지독한 냄새가 나지만, 해물의 맛이 괜찮은 편입니다. 비린내 때문에 먹기 꺼려지지만, 맛있게 먹을 수 있습니다."
5114061,해물 순두부 찌개,보관,여름에는 관리를 잘해야 한다고 생각합니다. 주말에 구입을 하는 것이 쌀쌀해질 때까지 구입을 미루는 데 도움이 되기 때문에 좋을 것 같습니다.
5114061,해물 순두부 찌개,양,"조개를 먹으려던 것이 상한 게 들어 있어 찝찝하고 깨져 있어 조심해야 했고, 입도 안 벌어지고 살도 없어서 빼는 게 더 나았습니다."
5114061,해물 순두부 찌개,포장/배송,제품의 포장이 깨져서 냄새가 나고 일부 제품이 열려있었습니다.
5030967,김치콩나물국,가격,품질 좋은 김치 콩나물국을 합리적인 가격에 즐길 수 있어 가성비가 좋습니다.
5030967,김치콩나물국,맛/향/풍미,"김치 콩나물국은 시원하고 맛있는 국물로, 매콤한 맛과 아삭한 식감이 잘 어우려 입맛을 돋우며 신선함이 인상적입니다."
5030967,김치콩나물국,보관,한 팩을 사 두면 언제든지 간편하게 끓여 먹을 수 있어요. 비상용으로 쟁여 놓기 좋습니다.
5030967,김치콩나물국,양,"푸짐한 양과 넉넉한 김치 콩나물이 있는 반면, 콩나물이 조금 적고 내용물이 부실하다는 단점이 있습니다. 양이 풍부하여 한 끼로 충분하고 두 끼도 먹을 수 있습니다."
5030967,김치콩나물국,포장/배송,포장 상태가 깨끗하고 위생적이기 때문에 신선한 상태를 유지할 수 있습니다.
5144535,사골 미역국 (5개입),가격,저렴한 가격에 좋은 품질의 상품을 구입했습니다.
5144535,사골 미역국 (5개입),맛/향/풍미,"미역국이 맛있으며, 부드럽고 간이 잘 맞습니다. 하지만 덱스트린이 들어가 있어 단점이 있어요."
5144535,사골 미역국 (5개입),보관,이 제품은 실온 보관이 가능하지만 냉장 보관을 권장하고 있습니다. 냉장 보관 시 보관이 편리하고 공간을 절약하며 유통 기간이 길다는 장점이 있습니다.
5144535,사골 미역국 (5개입),양,이 제품은 커다란 종이컵에 적합한 가벼운 용량의 제품입니다. 또한 큐브의 크기가 작아 1인분으로 적절한 크기로設計되었습니다.
5144535,사골 미역국 (5개입),포장/배송,제품은 냉장에서 젖었으며 아이스팩 위에 올려져서 부서졌습니다.
5134147,한돈 갈비 김치찌개,가격,이 제품은 만족스러운 제품이지만 가격이 비싸다는 아쉬움을 남겼습니다.
5134147,한돈 갈비 김치찌개,맛/향/풍미,"고기 냄새에 대한 의견은 분분합니다. 일부 고객은 국물이 칼칼하고 맛있지만, 다른 고객은 고기 냄새가 심하거나 너무 나서 만족하지 못했습니다."
5134147,한돈 갈비 김치찌개,보관,"제품을 냉장고에 넣으면 냉장 상태가 유지되고, 배송 시도 냉동 상태로 유지됩니다. 제품은 냉동실에 보관하는 것이 가장 좋습니다."
5134147,한돈 갈비 김치찌개,양,"갈비라기는 국물이 적다는 단점이 있지만, 고기가 풍부하고 맛이 좋습니다. 갈비라기의 양은 적지만 2인분으로 충분합니다."
5134147,한돈 갈비 김치찌개,포장/배송,"비닐이 함께 들어있는 김치가 찝찝하고 실망스럽게 보입니다. 또한, 배송된 김치가 이미 다 샜다가 얼려진 상태로 보입니다."
5030966,시금치된장국,맛/향/풍미,"칼칼하고 시원한 시금치 된장국은 맛이 좋고 푸짐합니다. 국물은 짠 편이라 물을 넣어야 먹을 수 있지만, 담백하고 건강한 맛이 있습니다."
5030966,시금치된장국,보관,"냉동고에 필수품으로 몇 개씩 보관하고, 냉동실에 쌓아두어야 하는 식품을 지켜야 합니다."
5030966,시금치된장국,양,양과 시금치가 많아 한 끼로 충분히 먹을 수 있습니다.
5047801,얼큰이 순대국,가격,상품이 많아지면서 품질과 신뢰성이 떨어지는 문제가 발생합니다.
5047801,얼큰이 순대국,맛/향/풍미,머릿고기 좋아하시는 분들에게는 맛있는 제품이지만 일반적으로는 조미료 맛이 최악이며 고기 질도 좋지 않으며 국물은 msg 덩어리라 한 입맛보다 다 버렸습니다.
5047801,얼큰이 순대국,보관,이 제품은 냉동 후에도 한 끼에 든든한 식사로 사용할 수 있습니다. 유통기한이 길어 편리한 식사 옵션입니다.
5047801,얼큰이 순대국,양,한 끼는 양이 적지만 맛있게 잘 먹었습니다.
5047801,얼큰이 순대국,포장/배송,"상품은 냉동 느낌이 강했으며, 빠른 배송을 받았습니다."
5066024,옛날청국장,맛/향/풍미,청국장은 두부가 부드럽고 담백한 맛이 좋아요. 냄새가 없고 시큼하지도 않고 입맛에 맞는 맛이 좋아요.
5066024,옛날청국장,보관,"제품은 냉동하지 말고 냉장 보관하는 것이 좋으며, 고객은 유통 기한이 내일까지인 제품도 계속 재구매하는 것으로 보아 제품의 보관 방법과 유통 기한에 대한 고객의 의견은 상반된 것으로 보입니다."
5066024,옛날청국장,양,"냉면 그릇은 양이 적당하고, 건더기와 호박이 충분히 들어 있습니다. 특히 두부와 애호박도 잘 들어 있어서 2인 가구에 적합한 사이즈입니다."
5066024,옛날청국장,포장/배송,포장 상태가 많아 불편합니다.
5095132,고래사 매콤 어묵탕,맛/향/풍미,"어묵탕은 칼칼한 국물과 얼큰한 맛, 쫄깃한 어묵이 특징입니다. 어묵과 무가 잘 어울려서 맛있으며, 매콤하지 않으며 물을 적게 넣어도 맵지 않습니다."
5095132,고래사 매콤 어묵탕,보관,"이 제품은 큰 포장을 가지고 있으므로, 보관 시 박스를 제거하고 냉동실에 보관하는 것이 좋습니다."
5095132,고래사 매콤 어묵탕,양,어묵의 양이 적지만 다양한 종류가 들어있어 만족스럽습니다.
5103533,넉넉한 순대국,가격,"이 제품은 재구매 의사가 있으며, 세일할 때 다시 구매하고 싶다는 의사가 있습니다. 평이 좋았습니다."
5103533,넉넉한 순대국,맛/향/풍미,"맛있는 순대국을 찾으신다면, 구수한 맛과 순대국 특유의 향이 좋은 곳을 추천해 드릴게요."
5103533,넉넉한 순대국,보관,냉동실에 보관 후 해동하면 사용할 수 있습니다.
5103533,넉넉한 순대국,양,푸짐한 양이 많은 순대국을 맛있게 드셨습니다.
5103533,넉넉한 순대국,포장/배송,"해동 중 팩이 구멍이 났고, 얼어 있는 상태에서 포장된 것처럼 보이는 문제가 있었습니다."
5119423,시래기 된장국,맛/향/풍미,"조선 된장을 넣은 된장국은 시큼한 맛과 강한 신맛이 특징입니다. 간이 진한 맛이 약하지 않은 멸치 육수로 맛이 깊고, 양파와 들깨 가루를 넣으면 더 맛이 나며 정석 시래기 된장국입니다."
5119423,시래기 된장국,보관,"제품은 냉장 보관이 필요하며, 냉동 보관 시 상한 제품이 될 수 있으니, 드실 때 주문하는 것이 좋습니다."
5119423,시래기 된장국,양,시래기가 적당한 만큼 충분히 나와 만족스럽습니다. 양이 적은 사람도 두 번 드실 수 있으니 적당히 드세요.
5119423,시래기 된장국,포장/배송,포장 상태가 좋지 않았습니다. 아이스박스에 국물이 흥건한 채로 온 물건은 엉창이 나고 진창이 있었고 유통 기한이 넘어가는 문제가 있었습니다.
5044518,추어탕,맛/향/풍미,"추어탕은 맛있지만 냄새가 강하고 씁쓸한 맛이 있습니다. 특히, 쓴맛이 심한 우거지나 무청의 건더기가 포함된 경우에는 못 먹을 정도입니다."
5044518,추어탕,보관,냉동실에 한두 개를 쟁여두면 전날 먹기 좋습니다.
5044518,추어탕,양,"양이 적당하고 건더기가 적절하지만, 양이 조금 적어 혼자 먹기에는 부족한 점이 있습니다. 내용물이 적어 한 끼 식사 양으로 적합하지 않습니다."
5062297,곱창 해장국,가격,이 제품의 가격은 다른 제품들보다 더 높습니다.
5062297,곱창 해장국,맛/향/풍미,"맛은 평범하고, 약간 싱거운 편입니다."
5062297,곱창 해장국,보관,"이 제품은 재구매가 가능하고, 할인 또는 쿠폰이 있을 때 구매해 두면 유용합니다."
5062297,곱창 해장국,양,"양이 적은 경우 두 명이서도 먹을 수 있지만, 혼자 한 냄비 싹 쓰리 양은 푸짐하고 고소합니다. 부속물과 건더기가 많아 좋았습니다."
1000047947,간편한 청국장찌개,맛/향/풍미,"맛은 진하고 간이 적당하며, 채소가 싱싱하고 돼지고기가 들어가 있어 맛있지만, 냄새가 심하다는 점이 조금 아쉽습니다."
1000047947,간편한 청국장찌개,보관,이 제품은 반복적으로 구매해야 하는 필수품입니다.
1000047947,간편한 청국장찌개,양,제품의 양은 많지만 국물이 적다는 문제가 있습니다.
5100476,통영 굴국,맛/향/풍미,추운 겨울에 먹는 굴 국은 매생이도 추가하면 맛있으며 시원한 국물과 담백한 맛을 제공합니다. 굴 크기와 식감이 다르며 국물은 시원하고 무는 질겨요.
5100476,통영 굴국,양,"양이 적고, 굴이 작아 양이 다섯 스푼을 먹어 굴을 모두 버렸습니다."
5100476,통영 굴국,포장/배송,"배송은 빠르게 잘 처리되었으며, 상품은 안전하게 포장되어 왔습니다."
1000047949,김치 수제비 칼국수,가격,"이 제품은 가격 대비 품질이 우수하고, 비슷한 제품들과 비교해도 좋은 선택입니다."
1000047949,김치 수제비 칼국수,맛/향/풍미,"칼칼하고 맛있게 먹었어요. 국물은 매콤하고 깔끔한 맛이 강한데, 수제비는 부드러운 맛을 가지고 있습니다."
1000047949,김치 수제비 칼국수,양,"양파 대파 썰은 큰 면기에 2 그릇 분량으로 나와 성인 2명이 배불이 먹을 양입니다. 단점으로는 2인분이 한 봉지로 되어 있어 불편하고, 칼국수 양이 적다는 점이 있습니다."
5114696,성산포바당 제주 몸국,가격,할인은 좋았지만 맛있는 제품은 할인하지 않아 아쉬웠습니다. 이번에 할인하는 제품을 발견하여 두 개를 구매했습니다.
5114696,성산포바당 제주 몸국,맛/향/풍미,"이 제품은 어린 시절 먹었던 몸 국 맛과 비슷한 맛을 가지고 있어 추천을 받았습니다. 부드럽고 구수한 맛으로 어른들이 좋아하는 맛이며, 몸 국과 비슷한 해 조류와 고기 육수로 끓여진 걸쭉하지 않은 국물이 있습니다."
5114696,성산포바당 제주 몸국,양,"냉이와 걸쭉한 맛이 좋은 식품이며, 조류와 돼지고기를 포함하여 든든한 식사 가능합니다. 한 팩으로 성인 1명이 충분히 먹을 수 있습니다."
5114696,성산포바당 제주 몸국,포장/배송,포장 벗기는 매우 간편했습니다. 제품을 받는 순간부터 사용할 수 있게 해주신 포장이 마음에 들었습니다.
1000023238,한우탕,맛/향/풍미,"이 집 한우 탕은 질기고 얇은 고기와 당면이 들어있는 국물이 시큼한 맛도 나지만 깔끔하고 짠맛이 강하다는 장점이 있습니다. 또한, 원산지와 기대보다 맛있었습니다."
1000023238,한우탕,보관,이 제품은 매번 주문 시 고정으로 구매하는 제품입니다. 제품의 품질이 좋고 보관이 간단해 쌓아두기 편리한 데서 재구매를 반복하고 있습니다.
1000023238,한우탕,양,건더기가 푸짐하고 많지만 아침밥은 국이 없고 양이 약합니다. 양을 더 넉넉하게 하면 좋을 것 같아요.
1000023238,한우탕,포장/배송,팩키지가 구멍이 나서 국물이 새어 나갔습니다.
5082999,청국장 찌개,맛/향/풍미,"청국장의 맛과 향은 좋으며, 구수하고 담백합니다. 맛이 좋고 신선한 청국장의 특징은 구수한 맛과 적당한 간입니다."
5082999,청국장 찌개,보관,청국장찌개는 맛있고 만족스러운 음식입니다.
5082999,청국장 찌개,양,"양의 맛은 좋지만, 양이 적다는 단점이 있습니다."
5082999,청국장 찌개,포장/배송,냉동 두부는 잘 얼어서 왔습니다.
1000052923,한우 나주식 곰탕 600g,가격,품질은 괜찮지만 가격이 비싼 제품입니다.
1000052923,한우 나주식 곰탕 600g,맛/향/풍미,곰탕은 맛이 진하고 깔끔한 국물이 특징이에요. 기름기가 적고 간이 적은 국물이 정말 좋아요.
1000052923,한우 나주식 곰탕 600g,보관,"이 제품은 냉동실에 보관하기 편리하고, 냉장 보관 시 유통 기한이 적지 않다는 점이 좋다는 고객의 의견입니다."
1000052923,한우 나주식 곰탕 600g,양,고기 양이 많았지만 국물과 고기가 얇고 질겨서 만족스럽지 못했습니다.
1000106177,고기 설렁탕,가격,가성비가 좋지 않다는 생각이 들었습니다.
1000106177,고기 설렁탕,맛/향/풍미,고기는 질이 두껍고 뻣뻣해서 좋지 않았습니다. 국물은 깊이가 있었지만 맛이 없는 고기에 비해 별로였습니다.
1000106177,고기 설렁탕,양,고기 양이 적은 편이지만 사골 육수로 끓여서 양을 늘릴 수 있어요. 한 끼니 먹기에 적당한 양의 음식으로 고기가 듬뿍 들어 있습니다.
1000106177,고기 설렁탕,포장/배송,플라스틱이 목에 걸려서 뺕은 문제가 있어 목구멍이 찢어질 위험이 있었습니다.
5068037,냉이 된장찌개,가격,품질이 조금 떨어지는 제품은 반 값 정도면 괜찮은데 9천 원이면 배달시키는게 더 합리적이라고 생각합니다. 남편이 만족하다고 하길래 다시 구매할 예정입니다.
5068037,냉이 된장찌개,맛/향/풍미,"조개에 모래 같은 이물질이 있고 냉이 향이 약하지만 간이 적당하고 건강한 맛이 좋으며, 냉이와 바지락이 조화롭게 들어가 있어 맛있게 먹을 수 있습니다."
5068037,냉이 된장찌개,양,요약: 재료의 양이 적고 냉이가 부족한 편입니다.
5068037,냉이 된장찌개,포장/배송,냉이 가 색이 바랜 것 같았는데 살짝 늘려 보니 비닐 바지락 조개 껍질이 배송 중에 깨져서 왔습니다.
5049682,순살 꼬막 우렁된장찌개,가격,"이 제품은 재구매를 하지 않을 것 같고, 특히 돈을 아까운 순간이 가장 많습니다. 가격도 저렴하지 않아 비싼 제품으로 돈을 낭비한 느낌이 들었습니다."
5049682,순살 꼬막 우렁된장찌개,맛/향/풍미,"식감과 맛이 별로인 두부가 있고, 우렁과 된장찌개는 맛있으나 꼬막의 경우 맛이 이상한 경향이 있습니다."
5049682,순살 꼬막 우렁된장찌개,보관,이 제품은 오래 지속되는 냉동 상태를 가집니다.
5049682,순살 꼬막 우렁된장찌개,양,"양이 적지만 다양한 재료가 많으며, 건더기는 풍부하고 우렁이도 많습니다."
5049682,순살 꼬막 우렁된장찌개,포장/배송,상품은 냉장과 냉동 분리된 상태로 배송되었습니다.
1000315306,시래기 된장국,맛/향/풍미,이 음식은 부드럽고 맛이 좋습니다.
1000315306,시래기 된장국,보관,냉동 제품을 냉장해 동을 해 주어야 먹기 전에 사용할 수 있어요. 냉동실에 마마리 국을 쌓아두면 편리한 식료품 보관 방법이에요.
1000315306,시래기 된장국,양,"양은 여자 혼자 먹기에는 약간 많지만, 남성 한 명이나 어머니와 아이가 함께 먹기에는 적절한 양입니다. 시래기는 상태가 좋고 간편하며, 건더기와 시래기가 적절히 들어 있습니다."
1000370851,왕갈비탕 1KG,가격,지난 날 갈비탕을 시켰더니 맛이 좋았습니다.
1000370851,왕갈비탕 1KG,맛/향/풍미,"담백하고 맛있는 국물과 부드러운 갈비가 함께하는 갈비탕을 맛있게 드신다고 생각합니다. 국물은 진하고 맛있으며, 간이 잘된 반면 갈비는 풍부하지는 않지만 맛있었습니다."
1000370851,왕갈비탕 1KG,보관,"갈비탕을 좋아해서 처음으로 구입했어요. 냉장고에서 해동한 후 기름을 제거하고, 세일 때 몇 개씩 보관해 재구매를 계획 중입니다."
1000370851,왕갈비탕 1KG,양,"왕 갈비탕 1인분은 3인분으로 충분한 양입니다. 갈비 대는 크고 맛있으며, 충분히 살이 붙어 있습니다."
1000370851,왕갈비탕 1KG,포장/배송,"제품은 배송 시 꽁꽁 얼어 existed하고, 샛별 배송으로 7시 도착 예정이었지만 1시간 늦게 8시에 도착했습니다. 제품의 사진과 실제 모습은 약간 다르고, 냉동 냉장 비닐이 묶여 스티커가 빡빡 붙어있어 분리하기 어려웠습니다."
1000272180,갈비탕 1kg,가격,"브랜드를 믿고 구입한 후 재구매 의사가 있지만, 할인 판매가 지나치게 높아 아쉬운 점이 있습니다."
1000272180,갈비탕 1kg,맛/향/풍미,담백한 외할머니 댁 갈비탕은 국물이 진하고 담백하며 맛있다. 고기는 두툼하고 부드럽게 나와서 가족들이 모두 맛에 맞다고 합니다.
1000272180,갈비탕 1kg,보관,큰 아이가 좋아하는 갈비탕은 냉동 상태가 좋습니다.
1000272180,갈비탕 1kg,양,갈비 4개 들어 있는 제품은 든든하게 잘 먹을 수 있는 크기입니다. 갈비가 살이 많지 않아도 크기도 작지 않아 고기가 길고 양도 많습니다.
1000272180,갈비탕 1kg,포장/배송,"제조 일자가 오래되지 않은 갈비탕을 받았지만, 오래된 것처럼 느껴졌습니다. 유통 기한은 1년이지만, 제품의 제조 일자가 최근인 10월로, 세일 판매로 인해 의심을 품게 됩니다."
1000015143,무항생제 요리용 사골곰국,가격,가성비가 좋고 저렴한 가격에 구입한 제품입니다. 가격이 저렴해 자주 구매하게 되었습니다.
1000015143,무항생제 요리용 사골곰국,맛/향/풍미,"이 부대찌개는 맛있지만, 끓일 때 쿰쿰한 냄새가 나서 버렸습니다. 누린내가 심해서 먹을 수 없었고, 맛이 좋았던 사골 곰국과 비슷한 맛이 나서 좋았습니다."
1000015143,무항생제 요리용 사골곰국,보관,냉동 상품은 유통 기한이 길어 편리한 보관이 가능하며 남은 제품은 바로 버리면 됩니다.
1000015143,무항생제 요리용 사골곰국,양,제품의 양은 만족스럽지 못했습니다. 두 봉지 모두 열이 나서 사용할 수 없었습니다.
1000015143,무항생제 요리용 사골곰국,포장/배송,지난 번에 구입한 제품에서 문제가 있었던 것 같아 보니 이번에 구입한 제품도 동일한 문제가 있는 것 같습니다.
5115296,일품 한우 양지미역국,가격,"물가가 오르더라도, 맛과 질을 유지하는 상품은 더욱 가치가 있습니다."
5115296,일품 한우 양지미역국,맛/향/풍미,맛은 호불호 없이 좋지만 국물이 깔끔하지 못하고 기름이 많고 찌꺼기가 많아 고기가 질이 떨어져 맛도 변해버렸습니다.
5115296,일품 한우 양지미역국,보관,내년 6월까지 유통 기한이 있는 제품을 두 개 구입해 보관해두면 좋을 것 같습니다.
5115296,일품 한우 양지미역국,양,"양이 부족하고 비용이 많이 들다는 뜻입니다.

양이 부족하고 비용이 많이 든다는 뜻입니다."
5115296,일품 한우 양지미역국,포장/배송,"냉동 상품의 포장 상태는 좋았지만 배송 과정에서 문제가 발생했습니다. 상품은 하자투성이로 배송되었고, 국물이 새어 나왔습니다."
5100778,우된장 한우 된장찌개,맛/향/풍미,"된장찌개는 구수하고 짭쪼롬한 맛이 좋으며, 고기와 수제비가 들어가 있어 반찬과 함께 먹기 좋습니다."
5100778,우된장 한우 된장찌개,보관,급하게 땡겨야 할 때 쟁여둔 재료로 비상 식량을 구입했습니다.
5100778,우된장 한우 된장찌개,양,품목의 양이 풍부하고 만족할 만큼 충분합니다.
5100778,우된장 한우 된장찌개,포장/배송,"배송은 빠르지만, 냉동 상품이 녹아서 문제가 생기는 경우가 있습니다. 포장은 깔끔하게 되어 있지만, 무서운 정도로 왔습니다."
5156992,얼큰 닭개장,맛/향/풍미,닭개장은 맛있어요. 맛있는 데도 너무 짜서 물을 마시게 되요. 맛이 깊고 퍽퍽한 고기와 토란을 넣은 깔끔한 맛이 좋아요.
5156992,얼큰 닭개장,양,"양이 적고 건더기가 많지만, 2인분은 조금 모자라지만 충분히 먹을 수 있습니다."
1000331934,베트남 쌀국수 Pho 4인분,가격,"이 제품은 저렴한 가격 때문에 자주 사고 싶다는 생각이 들지만, 가격에 비해 품질이 떨어져 더 비싼 제품을 선호한다."
1000331934,베트남 쌀국수 Pho 4인분,맛/향/풍미,"국물은 깔끔하고 담백했지만, 면은 씹히는 맛이 부족했습니다."
1000331934,베트남 쌀국수 Pho 4인분,양,양이 풍부하고 맛있답니다.
1000331934,베트남 쌀국수 Pho 4인분,포장/배송,팩이 4개씩 소포장되어 4인분이 개별 포장되어 있습니다.
1000408458,한우 사골곰탕,가격,키즈용은 저칼로리 제품을 구입했습니다. 가격과 품질이 좋은 제품입니다.
1000408458,한우 사골곰탕,맛/향/풍미,이 제품은 맛있고 건강한 사골 곰탕입니다. 간이 되어 있는 다른 제품과 달리 간이 없는 제품으로 주문했습니다.
1000408458,한우 사골곰탕,양,아이가 잘 먹어 재구매한 제품입니다. 양이 적지만 국물이 적게 들어가서 좋았습니다.
1000659319,이북식 백순대국,가격,이 제품은 만족스러운 가격 대비 성능이 뛰어난 제품입니다.
1000659319,이북식 백순대국,맛/향/풍미,"이 제품은 사골의 찐한 맛과 적당한 간, 야채가 있는 순대로 만족스러운 맛을 제공합니다. 또한, 순대국과 다른 단백하고 깔끔한 맛과 호불호 없이 즐길 수 있는 맛을 가지고 있습니다."
1000659319,이북식 백순대국,보관,냉동실에 보관하는 제품은 보관 시 든든하고 안심할 수 있다는 장점이 있습니다.
1000659319,이북식 백순대국,양,"이 음식은 한 사람에게 적절한 양을 제공하고, 큼지막한 고기와 4 개의 백 순대가 포함되어 있습니다. 고기는 질기지 않고 내용물이 충분히 들어 있습니다."
1000659319,이북식 백순대국,포장/배송,배송은 빠르고 안전하게 잘 왔습니다. 제품의 상태는 포장과 함께 냉동 상태로 잘 유지되었습니다.
1000431402,한우 육개장,가격,"할인할 때 이것저것 사면 좋고, 재구매는 고려하지 않아도 가격이 착하고 맛도 좋다는 느낌이 들더라고요."
1000431402,한우 육개장,맛/향/풍미,"맛은 괜찮았고, 간이 과하지 않았습니다. 그러나 국물이 식을수록 맛이 없어집니다."
1000431402,한우 육개장,보관,유효 기간이 길고 냉동으로 보관하면 더 좋은 제품입니다. 냉동실에 여유가 있다면 쌓아두면 편리합니다.
1000431402,한우 육개장,양,품질은 좋았지만 일부는 양이 적고 맛이 부실했습니다.
1000431402,한우 육개장,포장/배송,"제품 포장 상태가 좋지 않아 국물이 흐르는 문제가 있었고, 봉투가 찢어져 있어 담가놓은 물이 들어가 먹을 수 없게 되었습니다."
1000408456,한우 배추 된장국,맛/향/풍미,이 제품은 아이에게는 잘 맞지만 어른에게는 싱겁게 느껴지는 맛을 가지고 있습니다. 아이들은 간이 약하고 맛이 좋은데서 즐길 수 있지만 어른들은 싱거운 맛과 향이 거슬립니다.
1000408456,한우 배추 된장국,양,"이 제품은 편안한데 내용물이 부실하다는 의견이 있습니다. 아이가 푸디버디 국을 먹을 때는 말아 주면 남지 않지만, 건더기는 적지만 크기는 아이가 한 입에 넣을 수 있는 크기라 편하게 먹을 수 있습니다."
1000498621,내장탕,가격,내장 탕은 저렴한 가격에 판매되어 좋았습니다. 내용물이 풍부하여 퀄리티도 만족스럽게 먹을 수 있었습니다.
1000498621,내장탕,맛/향/풍미,깔끔한 국물과 쫄깃한 부속물이 함께하는 매콤한 음식이 맛있었습니다.
1000498621,내장탕,보관,내장 탕을 냉동고에 재구매해 두고 냉동실에 넣어두면 편하게 먹을 수 있습니다.
1000498621,내장탕,양,내용물은 풍성하지 않지만 건더기는 푸짐하고 내장 탕은 건더기가 많아 만족합니다. 건더기와 내장 탕의 양이 충분하여 2인분이 충분합니다.
1000498621,내장탕,포장/배송,품의 상태와 조리 방법이 잘 정리되어 편리했습니다.
1000498619,양곰탕,가격,품질이 뛰어난 제품으로 저렴한 가격에 제공됩니다.
1000498619,양곰탕,맛/향/풍미,"한식 종류가 없다는 점은 아쉽지만, 깔끔하고 담백한 국물이 인상적이며 푸짐한 건더기와 진한 국물 맛이 일품입니다."
1000498619,양곰탕,보관,냉동 제품은 냉동실에 보관하는 것이 좋습니다. 냉장고에 보관하면 재구매가 필요해질 수 있습니다.
1000498619,양곰탕,양,푸짐한 고기 양이 많은 메뉴를 제공합니다.
1000498619,양곰탕,포장/배송,냉장실에서 냄새가 나고 포장과 조리법이 잘되어 편리했습니다.
1000356831,얼큰곤이알탕 400g,가격,"이 제품은 맛이 뛰어나고, 할인 때 구매하는 것이 좋으며, 가격대비 내용물이 충분히 들어있어 만족스러운 선택입니다."
1000356831,얼큰곤이알탕 400g,맛/향/풍미,"이 음식은 시원하고 맛있는 맛이 있고, 국물 맛이 좋습니다. 특히 두부, 호박, 팽이버섯 등이 들어있으며, 알도 적당히 들어있는 고소한 맛이 좋습니다."
1000356831,얼큰곤이알탕 400g,양,양이 많고 양넘이 돼 있지만 양이 적은 건더기와 부실한 내용물이 있어요. 맛은 괜찮지만 양이 너무 작아서 곤이 알이 적다는 아쉬움을 느끼게 됩니다.
